wallet	window	side	asof_time	amount_lamports	supporting_flow_count	flow_ref	first_seen_time	first_seen_flow_ref	is_whale
215nhcAHjQQGgwpQSJQ7zR26etbjjtVdW74NLzwEgQjP	24h	buy	1769739079	456212880701	44	2T8QRmYASHEbJCzGNejwzsrw8Qce1sPwTn6GqhV8sztmy4HfDWS1RYAeYJuenUwMRWvgLxys5PATAR61uNuqTNKw	1769186925	29fmFLLH57uXBa8VdJCx3A4dJeyz1RS4TdsQYgAFv57nXAkTVoDiuMJgncyBBpnAmhTSvpUfdaWjzF3WJGe5n5fr	1
215nhcAHjQQGgwpQSJQ7zR26etbjjtVdW74NLzwEgQjP	24h	sell	1769739392	325724522703	34	4wzGvNV22Wxh7e5FSCn5S6Me3jxP7ABYoo9LH6ssHvSXV3z8itmiEJHAvPptXYgYrnJFHr8riFS5AhDejhvvQBtE	1769197179	4emybRWgQE5bH3SBCVjj7uu7foTkKaB8qNGTUDrU5b2oFXhH4Lcq4hvZFie4XwYMRn1v1tMbXMp2anogAG2ogAU	1
215nhcAHjQQGgwpQSJQ7zR26etbjjtVdW74NLzwEgQjP	7d	buy	1769739079	2950691860459	273	2T8QRmYASHEbJCzGNejwzsrw8Qce1sPwTn6GqhV8sztmy4HfDWS1RYAeYJuenUwMRWvgLxys5PATAR61uNuqTNKw	1769197196	2fKuEkkuMmxYn7munggg3YGFyotuLXRMvzDgDTcLo4msJ7VVe95wzfaLAD8z6czw7Hnv856XduvWzs4bf5iCKQ3r	1
215nhcAHjQQGgwpQSJQ7zR26etbjjtVdW74NLzwEgQjP	7d	sell	1769739392	2452146777151	280	4wzGvNV22Wxh7e5FSCn5S6Me3jxP7ABYoo9LH6ssHvSXV3z8itmiEJHAvPptXYgYrnJFHr8riFS5AhDejhvvQBtE	1769266741	djwzF2DynBnecoypFfvHXAXXEqh7HDj93XURiCp5xUPVxRUucTJsL9C8MpF1pyf5tux3PCLLkZPB91FrDAnc4Yt	1
215nhcAHjQQGgwpQSJQ7zR26etbjjtVdW74NLzwEgQjP	lifetime	buy	1769734449	19000546350	1	5o7rNWsFyrhGRndZLc3azdpLCcZG8zvMJfDh2Hn74SzM2c5aD317ddyxALKWbiAwrqdsupBkWZzbHST3mKsXjMXw	1769139807	3VhMs6hNRS3GsGSqziLZBZ9bfSJTM3kRAuDiUjwoixPQF9dbmwdjvSACbbLQ2Yge2oK3suqFrqUXP39PHq66gapr	1
215nhcAHjQQGgwpQSJQ7zR26etbjjtVdW74NLzwEgQjP	lifetime	sell	1769737742	34288860052	1	45S8sGKpGmwwrwEWdZhiguA5BgnKaR4NLGAYLx4EqzngiTT3ashR9LvTHhMV5u3xwEun2WbKKva7BcxaYydsd4NR	1769144125	33XWs8RrU93QnVHkQRgwBcRWcYPxutwTD1zTH7RYNUDFcTr7ZuyHDb93gxBnjv1RQ9MEU6KA5y15SuSP5LTwAY54	1
274vmGgKuYQp8Fxvb8n3cr9ZeY3SYM6LgeaXM6jS2nD6	24h	sell	1769326284	451080025879	19	34hGbCgg7WLCEUniAFvjHGREGJue9VoeU38Pe5XYfy9CfNTtJwRFvM81YkGu4w3QHjzNy8yJN3TbgmzGBVwdgjPA	1769177213	35LNcXcefuBR6G3wYsGoidLmeReeAtkrT7VBCxiQ7Rz1yAMeCo2YbVMkWzpkxy4JQZiedu4xKGxXbERisQDDWs7M	1
274vmGgKuYQp8Fxvb8n3cr9ZeY3SYM6LgeaXM6jS2nD6	7d	sell	1769613240	659762326820	29	N25VMR7ZpHLP3YVnnpFyvdDKNguo64EfDiHc6F7kC5DiBBaXDxWa9FUoDbhRi3bgiAUu9CvA1H77dEALpRPYEy5	1769241702	2ZYvHjRMu69FfrEJHwyGia3UJX1T6BgjUSefYc2r5TtrsYMAW7GqhGqLiRAn49jHHUmYhr3xhE6Xz3aiEu9PXUam	1
274vmGgKuYQp8Fxvb8n3cr9ZeY3SYM6LgeaXM6jS2nD6	lifetime	buy	1769632997	10110005001	1	5xRUAidvmBvRYCfsevyEtfTcPBTQ3BvGch4rY4ewjp8atkR7KZRMpW1Rn3rw483SDfrgirF4ChgCKqaEGcZe8kZF	1769632974	4mQGjftcjX2n3P1kQ3v3hRYbPs3mBPXZDZd2zi3SB95mHQjkPhExfRJP1DecTYY8JQKydUt5u9Gb2e4UKP8eJBpV	1
274vmGgKuYQp8Fxvb8n3cr9ZeY3SYM6LgeaXM6jS2nD6	lifetime	sell	1769613240	13968093824	1	N25VMR7ZpHLP3YVnnpFyvdDKNguo64EfDiHc6F7kC5DiBBaXDxWa9FUoDbhRi3bgiAUu9CvA1H77dEALpRPYEy5	1769168619	DVRRUJCBMdaDhhcy5PqWVgPL4MHj5Q4HKgmMJjaDGmxDwpgpAUPekdyF91CvuxEehHtxpKAfg1oCgwu486Pb89r	1
2RssnB7hcrnBEx55hXMKT1E7gN27g9ecQFbbCc5Zjajq	lifetime	sell	1769379301	14215211391	1	5o78kK8n6SUywkh2unBR46tqRKk2ABKWwcA6s51W1f6uTpSH39xDv4MU4Z9XaV8D8QNxwPozsoGAhtMNa1NSrzUL	1769379301	5o78kK8n6SUywkh2unBR46tqRKk2ABKWwcA6s51W1f6uTpSH39xDv4MU4Z9XaV8D8QNxwPozsoGAhtMNa1NSrzUL	1
2W14ahXD3XBfWJchQ4K5NLXmguWWcTTUTuHDhEzeuvP3	24h	buy	1769543659	50421985869	81	4wMBqa8XvVbgENMnXf9xeHu2488qfgAMqgwxA7k2K8XLgZBmvJysgyC3WwZ6UiLwq6dZBEyXBZ9WK9WTmnU1w92R	1769239247	1qTnUEyQxMimPvqeBSbyoMC7YANH7P64oYkovdr1JebLxbe6kNBRittVBR59tK9EjQYzx8j9BBsCE8FjkW9v7M4	1
2W14ahXD3XBfWJchQ4K5NLXmguWWcTTUTuHDhEzeuvP3	24h	sell	1769741779	50767350472	39	2RtLuKxTNqwH3Js4eTjangEyKahRwCprJgHGACwXM9vwXaAtqoRVGD4ALSYhKq1CoeoSSGGakdMGpK8PLTanCrm7	1769238003	2E1WqcEw4QeqypM6reBMDZ9KfYaxer7sMLsd9Ej3kbUKQpTt6bBspFfwMZeinZJSvZaRrvbpawSVtcgy6EoouWVc	1
2W14ahXD3XBfWJchQ4K5NLXmguWWcTTUTuHDhEzeuvP3	7d	buy	1769743680	333540181439	541	5VUjt5fqRgDXsdnJFWLkRku1JDULG7LPK1mRcTAocqMPXP7sej9YNbXXJ5En4zEr6wMgReW7agNUD5p2synbwWnD	1769458791	5sUmvbVCFfxdwf4cXFcr8pVtRYV6gPsZufRXQPe12nKisBotGDSGeWLrhaKXrasYi9mGwF4iMa77jDvSQ8ME74vY	1
2W14ahXD3XBfWJchQ4K5NLXmguWWcTTUTuHDhEzeuvP3	7d	sell	1769743748	348043888465	319	2C21QVHmLRqZmyGhJ2Rji1fkJVFLBYy9nMANBCkvhSmKD1KJJob9RmJnGd8zW9iqBfQEA6bheqDpvCUcaErrXCQd	1769467899	29XQeEwLouz6HRjC36o4HCdMNeuTWhiph5UNTkdP8kJxAfwyMcfvFDi1DNv2SqBzzRQMrR8gfwGZEMGWUZ3WwS7c	1
2X4H5Y9C4Fy6Pf3wpq8Q4gMvLcWvfrrwDv2bdR8AAwQv	24h	buy	1769713387	78513873904	30	4xrx8ViYgqKF2TxewjPXCQGqkwdRTubfyUfJC7ze1Xxw7fJDCypuL8UiF6PYku3pBck9oHdBNnMy3d3FuRak72xq	1769176868	4EWY8EMtGzBSdHyMAV4pDqsXLsfjfJXggs1mwgebgD9e9wBmKoaycACoqYTTXWCTXvEnrJsUt4aK92MHRdKSjvAn	1
2X4H5Y9C4Fy6Pf3wpq8Q4gMvLcWvfrrwDv2bdR8AAwQv	24h	sell	1769720670	83692685329	29	2XnKNZqRH5tf7vFk7aDX7EQFdRzYeHs39ebxwxNNZfD73VuC6UxkxZ93n3p4fvgTMPozhq8NyTXYkGojPcdZB1Ka	1769167781	43mhRgwKsGtVfNv83oHe4kmWfX7cYQea5iT9LDu6smroXE7P3R3XwhmwGCXgPwvNaWrJVzix2a1QdvKYjEKzPz39	1
2X4H5Y9C4Fy6Pf3wpq8Q4gMvLcWvfrrwDv2bdR8AAwQv	7d	buy	1769713387	579230473603	349	4xrx8ViYgqKF2TxewjPXCQGqkwdRTubfyUfJC7ze1Xxw7fJDCypuL8UiF6PYku3pBck9oHdBNnMy3d3FuRak72xq	1769356850	GUEY1eGif2YuXuWm3o9KkM7QXuasKso5buicPpRkfLfcjT3h85PBynMJ7o8g6MhfmbPP5RYD9A2jCuXyWtnn8zk	1
2X4H5Y9C4Fy6Pf3wpq8Q4gMvLcWvfrrwDv2bdR8AAwQv	7d	sell	1769720670	791209195000	357	2XnKNZqRH5tf7vFk7aDX7EQFdRzYeHs39ebxwxNNZfD73VuC6UxkxZ93n3p4fvgTMPozhq8NyTXYkGojPcdZB1Ka	1769274342	67FM1EkhSEvkDqLnKRkb54f7BBKJFwxff9rfGXzKfQk1gv1BXKyWwmmnesT5egKcaNzpwRWtskjbVDrcdpN6VjCR	1
2X4H5Y9C4Fy6Pf3wpq8Q4gMvLcWvfrrwDv2bdR8AAwQv	lifetime	buy	1769675705	10128005000	1	2jryRvdANM9qeDiV7z82JHENYidQze7nW3gop1VaNz1XPd1mteh8VF6pgeEGvBnSPdxZQozzfArpJi3kbZ5GLkxU	1769176868	4EWY8EMtGzBSdHyMAV4pDqsXLsfjfJXggs1mwgebgD9e9wBmKoaycACoqYTTXWCTXvEnrJsUt4aK92MHRdKSjvAn	1
2X4H5Y9C4Fy6Pf3wpq8Q4gMvLcWvfrrwDv2bdR8AAwQv	lifetime	sell	1769501795	11826270753	1	47JqVopkNh3dS1ZD7wR18xZrTAb8ZgaTFaZyx8JQjh1Tj6aswgvE9o9Qw2GLKyfZQaQnXMG5Ypph6uB7i1EZavtz	1769501795	47JqVopkNh3dS1ZD7wR18xZrTAb8ZgaTFaZyx8JQjh1Tj6aswgvE9o9Qw2GLKyfZQaQnXMG5Ypph6uB7i1EZavtz	1
2e1w3Xo441Ytvwn54wCn8itAXwCKbiizc9ynGEv14Vis	24h	buy	1769713667	189146641155	63	kfvRGkCidk4LwLumXmM94b1GSZBCuWrZbSPdMux76js6HyMNbFueRnP71Zkhw8qUWEsTxy6wLSL31fqpiJKH1gj	1769349107	5jZnhw4u8UP4YyoU1Bbtw6SNtnT9g1zyEw74NvHFiKiCSSZ9jWEtFnevXDJWHRNqmSBe8keHhtPkJcWy29UtCgnH	1
2e1w3Xo441Ytvwn54wCn8itAXwCKbiizc9ynGEv14Vis	24h	sell	1769713675	99312026564	76	4mbru52iA2RavGehB9VQaXBosaNJ917DgGcJAxj71Z1twMdkVRo94P2EKWACm6CnzSfjJm497UmgMULtoWTqnumz	1769329973	2uCfHvFeMkyGbwJXomugJKTJwPrkSPH1dbUTbCPS81Ltv7HcHXGvj4eXzvYMsWJMv44ofJEqkCjJ8A2U98J5Lyc	1
2e1w3Xo441Ytvwn54wCn8itAXwCKbiizc9ynGEv14Vis	7d	buy	1769713667	1040414674997	270	kfvRGkCidk4LwLumXmM94b1GSZBCuWrZbSPdMux76js6HyMNbFueRnP71Zkhw8qUWEsTxy6wLSL31fqpiJKH1gj	1769431452	4oonMKj41gNRH5ZrkJ5oQky3TBPvrAH7MoWcRu1MfPK9KY2KbQrpZww65E2MNvuvxnPhS26wcSDksgHfz8NBQuve	1
2e1w3Xo441Ytvwn54wCn8itAXwCKbiizc9ynGEv14Vis	7d	sell	1769713675	829930962500	337	4mbru52iA2RavGehB9VQaXBosaNJ917DgGcJAxj71Z1twMdkVRo94P2EKWACm6CnzSfjJm497UmgMULtoWTqnumz	1769363516	2fmYa8pX9LooovW5JcVYk6KMond9T9zTfFg7Ezm4rr84hBQ6ih1tJUPXCt5HxKRuLM5oVq7rKcGdDb4uVaicLtpt	1
2e1w3Xo441Ytvwn54wCn8itAXwCKbiizc9ynGEv14Vis	lifetime	buy	1769699633	30000089505	1	i29kaXVCZYWnuShxWHmW2QKnJb7AgAxJmZ8q3jbGrN2cvKCqXxH2iLduRiEsYALdw2G4EN6fpw83bKyfugD4BA3	1769430125	9RPsm4SQP3qq9XJTzCdJLN11C9X5PdrUwhbC4NYFPzDe4tMVJgZbZv5NZ5ZzouZ8fN3UShD8koePdHJSgwPRPkE	1
2e1w3Xo441Ytvwn54wCn8itAXwCKbiizc9ynGEv14Vis	lifetime	sell	1769517031	48326384049	1	244q2xQWwXYaRdr1YzG4BmfP6WpUGUP1tweqqTc4Dyv3abv2d2ZDRggGbbQZCZV8kTP173ZXsiKPZAhmQkY4prcD	1769329973	2uCfHvFeMkyGbwJXomugJKTJwPrkSPH1dbUTbCPS81Ltv7HcHXGvj4eXzvYMsWJMv44ofJEqkCjJ8A2U98J5Lyc	1
2fg5QD1eD7rzNNCsvnhmXFm5hqNgwTTG8p7kQ6f3rx6f	24h	buy	1769741140	986795410568	1855	4CytDaH341Cep9fX66Ezhbvrv1hes6x6CTvaK9DFBbvn45WZwj8mGVEvVhA56K2qSDz2RjnXx1sf4hrLC2aCxuA5	1769556387	2Z31JXKLCMtFmztxXrSb7YwmUi9HjTag73AQo7EivjNpFkit7HsJqQHWHfyvyb1zv4gSBvCrHCkSYLy7EmusCDa4	1
2fg5QD1eD7rzNNCsvnhmXFm5hqNgwTTG8p7kQ6f3rx6f	24h	sell	1769741035	1178766721905	559	4TpxhdcRwraGbkRTm5GPWhEAatwGVL1yjuGLkUwkW7Wk6A13fLBQfAwvhYxJxDnYz8WsZfxu2dNhtQpLz842JmPC	1769556171	jZKdikcBsSc1D7bmWwifP93Y1Xbx3EeduTFyLjhTt7N9vTs7u38S7jz1zTJ7D8mUDFpHqdkLc8ZryPABUg9CW8D	1
2fg5QD1eD7rzNNCsvnhmXFm5hqNgwTTG8p7kQ6f3rx6f	7d	buy	1769741140	2360065429197	4143	4CytDaH341Cep9fX66Ezhbvrv1hes6x6CTvaK9DFBbvn45WZwj8mGVEvVhA56K2qSDz2RjnXx1sf4hrLC2aCxuA5	1769563952	gsxbKKNQGptHTM1zq67HooAuZXDkYRyQfoDF4Vh3RGnWhkq1YaFEa8sudFZDtshvF8xRqsQrvVL6GnDoKUzBrWC	1
2fg5QD1eD7rzNNCsvnhmXFm5hqNgwTTG8p7kQ6f3rx6f	7d	sell	1769741035	2687404985094	1259	4TpxhdcRwraGbkRTm5GPWhEAatwGVL1yjuGLkUwkW7Wk6A13fLBQfAwvhYxJxDnYz8WsZfxu2dNhtQpLz842JmPC	1769562825	9LvZZKvSU9bjqWeBthYkomy56op16pLH6WjMY54Eu7KJvLbiqDc1AdQikGia4NTBYMeXeFy6SFNyfto1fWSUkW9	1
2fg5QD1eD7rzNNCsvnhmXFm5hqNgwTTG8p7kQ6f3rx6f	lifetime	buy	1769729897	10015044280	1	5XhTf6jYsV8AUbfzTLhj6LNSxkSKt7Ns3R123jJN1aaaMnb5tSjoHFw9G9xr3xRsbKYsP7KYbdo6FyscGCNuuwp3	1769561807	2ER996zRp3NokNMJUYKmu1PyUyi3Gua6gfWThKtt4yqjK1PkHEt7Skpoa2ptUcRFrVDkfVirembKXzhsdCez77pp	1
2fg5QD1eD7rzNNCsvnhmXFm5hqNgwTTG8p7kQ6f3rx6f	lifetime	sell	1769729576	19280308435	1	3SK8vUyvEzMPQEBpkY3DBBsSehn9JKSBB22KiEL6NpZ1VDPXJZH2mSQUVNT1gLP4ftfnoh3hEoPm9Ss7jAdzKNz6	1769562039	5ppq7o84saP8JDMhbxdAVH4FyLpW3FaLTxHanbmCR9TezFApk26wyK3fRnCBubbz3MPsqaHojwjwarhJYFQZCKwe	1
2kv8X2a9bxnBM8NKLc6BBTX2z13GFNRL4oRotMUJRva9	24h	buy	1769741347	79850221403	29	5erZKgUhDyZYuB3tES2Axqd7qc3giMvyTFzraBcHAhMnJoYgw4UngFQZVgDZLH7iM6i7R8b7Ym5L8WD25he2HyR	1769191099	653a4UsnwcAbC6PMRxWhzqxw1AVgM8npsgWmBBDUjjpnWAPhxT5k1bw7Xuwz73LkhnFwj6yXPybP3h9gyGTtyVd3	1
2kv8X2a9bxnBM8NKLc6BBTX2z13GFNRL4oRotMUJRva9	24h	sell	1769738636	67006164704	14	DVuNLoGhefwCKTcsuKEjqn6h9ZW1ni19KQTGLUJxnvxq33vW5B763oieSWq9Vq3bpAAKLt9F7i14AtwAhKQ5QzQ	1769152647	49WdYm7ZmrmfhCw3zNFFxmgNsire4bSUoNkePZDyRrZCh6aCGNhsNvkgc1gomowg2GDxrLs16Ur4UGuXENFhSU6v	1
2kv8X2a9bxnBM8NKLc6BBTX2z13GFNRL4oRotMUJRva9	7d	buy	1769741347	805695338484	305	5erZKgUhDyZYuB3tES2Axqd7qc3giMvyTFzraBcHAhMnJoYgw4UngFQZVgDZLH7iM6i7R8b7Ym5L8WD25he2HyR	1769322497	BvjBBroJWTMEaoLHaatLeTFPGgVztAY6AhHpNGDfLWEVzgaZSqRQxg3jYL5eK6KiF1hiuuVWKzLV9Sg9T4Gjwet	1
2kv8X2a9bxnBM8NKLc6BBTX2z13GFNRL4oRotMUJRva9	7d	sell	1769738636	856877133047	232	DVuNLoGhefwCKTcsuKEjqn6h9ZW1ni19KQTGLUJxnvxq33vW5B763oieSWq9Vq3bpAAKLt9F7i14AtwAhKQ5QzQ	1769283884	3m4gzPeggorU7Cjc9Jm7guajdw9J1xoUf2AT6QX3HRHqHEeh2BALhCfoqHyUdH17C3HCkS1Xr2jCbUEGE81KbJTE	1
2kv8X2a9bxnBM8NKLc6BBTX2z13GFNRL4oRotMUJRva9	lifetime	buy	1769704115	10013079080	1	4FyScowpx5R3TzS5i3LQcLE7FSZXSLPKKaLjuraASbqemcKKTpJ7JjB2XyTGAwLdoWf9dqSZmYBBqDVKj7oxVq21	1769382764	JyVeko2Eu8cHAroenJvK9iZETwrH35QaaRCturjxsGZuziNNfA4UEWQPr7SVYp7e6VS7DaETC6H6v5faME8a23q	1
2kv8X2a9bxnBM8NKLc6BBTX2z13GFNRL4oRotMUJRva9	lifetime	sell	1769717444	17021923398	1	36DQ9AVADxBUYwVqL1Ah9z7avSZgYSRnr7nDNM6SEcQbpt3ErU32oqBaJNZ9WSmzxfUVnCJBspwNbRS92cFcoLzG	1769151573	4gwLQGdeRukUtdo7egNNaYf5KoWYQ5p5McZ5HVqqFUnMt1Hs2RYAsLxFdXABfg6CuFapq8KTAaae9ZiVnb1SAWcF	1
2net6etAtTe3Rbq2gKECmQwnzcKVXRaLcHy2Zy1iCiWz	24h	buy	1769687634	67020109012	40	64D6b2FSyc9ak6L5Q7rtyc3uZQX8PHyiMZfiRMxKAwufv7EXKNtpX7KcriKxMPjEuZvDBP2AJbjK4mQvxw7gVMY	1769490894	aH56j497ncwA8CvW6yAU8Nj97upBYsbN8BsAX48peVzhUD85BjoQJaY6YDCFXtcRVGs9jPV8HV5Bt5N7tE7r3DS	1
2net6etAtTe3Rbq2gKECmQwnzcKVXRaLcHy2Zy1iCiWz	24h	sell	1769741281	69260202014	39	4ZLJxm81HBhp5jH6yDcbvtA4A4UvkiKJhbcg278qvdcmziP4dzCGczKzA74pEWi8ZtYVirr121gjJJkY7BguUBZE	1769286639	yojRHJryR9CEWUisBoY2A1azJZJHQhMSn1NAHKhEWS5QazGaXb3AYPprCxqHKsGuywUFLMZepEfB85HGGDLR4gT	1
2net6etAtTe3Rbq2gKECmQwnzcKVXRaLcHy2Zy1iCiWz	7d	buy	1769741998	320075978759	201	4HfMDQ3vg3b8Kkk8NDjrVA6dG1ayvT6DicdTKh41soNQb9W9wPKXVRZBizyxHWtWVkHy9QhmbVDSuwM4j2i6WcK	1769567929	5Fsw3L46oonh6vDcXzCtaqmedq3tA57pspcu7xoxh68h3i8hRPkkZTKRZFxq4j8WeACKtXPUhdAiCTnequK28agh	1
2net6etAtTe3Rbq2gKECmQwnzcKVXRaLcHy2Zy1iCiWz	7d	sell	1769741281	363383322184	174	4ZLJxm81HBhp5jH6yDcbvtA4A4UvkiKJhbcg278qvdcmziP4dzCGczKzA74pEWi8ZtYVirr121gjJJkY7BguUBZE	1769506063	5peVBMhCW2aYgC1sjtULcrSHBmtrHp6mgZrETbxKmmo7xoZYkJPBGc65LYijc43AkRtMvT2aVJZRgEKkp1opgn7Q	1
2net6etAtTe3Rbq2gKECmQwnzcKVXRaLcHy2Zy1iCiWz	lifetime	buy	1769603933	10140005000	1	4SD7bTyi8WWuQP4JAhH3ioqqCDuo5yo9mSCkB7agofhy2NXN2Fs6ERbtQEL28J2ykuH3HKZpZzQpowRjdPdpFjqR	1769518983	57q9BsGK2tMXsoUGZsfE5VYsndgjYCx9m8AbDe87WkatpyfjttxQzeAcXZnN3sbDokwTEunTkGsFdvmyJ746Ys5N	1
2net6etAtTe3Rbq2gKECmQwnzcKVXRaLcHy2Zy1iCiWz	lifetime	sell	1769380297	13131312277	1	4iK9AXs5mqpYFZosWasD3eDfcCpSf6Dj9QvtEjkKePZzcfvEoJNHvw63ZpBysZsK9FGbpe3QgF6GXq3AdcbJ18Ji	1769380297	4iK9AXs5mqpYFZosWasD3eDfcCpSf6Dj9QvtEjkKePZzcfvEoJNHvw63ZpBysZsK9FGbpe3QgF6GXq3AdcbJ18Ji	1
2w3zDW2e1KjYtM2pHTkgh78L8DjMrC6fuB9uhwKNigTs	lifetime	buy	1769453484	27004079080	1	3Ev51289qs1xNotekCvPDB88YeJgg5FLj9MSYWQgYTbX2ZPSMm3AtwUCszNatFHLwiaVxG3gMKXoZgnv93gBG5Rx	1769453484	3Ev51289qs1xNotekCvPDB88YeJgg5FLj9MSYWQgYTbX2ZPSMm3AtwUCszNatFHLwiaVxG3gMKXoZgnv93gBG5Rx	1
36DWP52MVRDooYNrcRVDyoCh2R1fPXCYqKJQYg9pFQoE	24h	buy	1769711515	63274037398	10	3o36J1hE64itmp3dLGMcRvUpqz8K8PMJL9EY5ojsUGxGntPyP8N7WrVUqNWT3WMxLetAq9UpBNwwEkijspaZTy4A	1769363142	3AwvJnm9yfsG8CPZqj2ignG6xLK6NL4ZzJ8xYZo6pYArxYx5x41Z23SFEQDi2cGmYfb1aueTAAdksKKHcaMK8nAk	1
36DWP52MVRDooYNrcRVDyoCh2R1fPXCYqKJQYg9pFQoE	24h	sell	1769689588	64788576413	14	649NLz9861s8g5zKMUom5rig4goMAsx7XNzoDDBTVT5g7v2a6vW69xEJ259bTXNJ92mqLkME2PVbuqdJf4tHBfsq	1769363152	2XsNdysYqsPb39UisGU3YC9eZkM1euhuoWscW9Tysi5pdgXfUySfEUVnmfpi16AVzJubCY3igGmysGLySFSvrB3	1
36DWP52MVRDooYNrcRVDyoCh2R1fPXCYqKJQYg9pFQoE	7d	buy	1769711515	609578425661	79	3o36J1hE64itmp3dLGMcRvUpqz8K8PMJL9EY5ojsUGxGntPyP8N7WrVUqNWT3WMxLetAq9UpBNwwEkijspaZTy4A	1769528754	3T3qaeDqCpQ93jNFtewCjJBuNhnbKwQdeyP7xL5bXRy16xtrUZTs5SUHG9QJAtjw77LZZTzUtLkNEMkbRAvdu72p	1
36DWP52MVRDooYNrcRVDyoCh2R1fPXCYqKJQYg9pFQoE	7d	sell	1769711522	614286833034	118	3pkyinCDv2D5MqPTUe9M3eeUrnSHNS9P3FLmdkQ4viCjyJxice3irYis89cM4FMNpjYij1Q7fY9oGhvbDMBxj1ND	1769449720	2f9osB3g5rTyLNkzsLmn88tfCTpbj44ukFDMdFYAwPimrdhsprB1AVVHTDCftxfDyt1FgdepEoGS1zF9JdCd8oXK	1
36DWP52MVRDooYNrcRVDyoCh2R1fPXCYqKJQYg9pFQoE	lifetime	buy	1769643253	20000020001	1	2VgBsJqePBqSfvVAJzZZFaQ22NMFZZNoNboSqqnWHqeXxG8LwbMcyu85EJg2SiNgWBPbKVvin8rrHC33UWU44onP	1769528754	3T3qaeDqCpQ93jNFtewCjJBuNhnbKwQdeyP7xL5bXRy16xtrUZTs5SUHG9QJAtjw77LZZTzUtLkNEMkbRAvdu72p	1
36DWP52MVRDooYNrcRVDyoCh2R1fPXCYqKJQYg9pFQoE	lifetime	sell	1769603782	11225815618	1	4cNRbEezRVhfrMqRcBpiE7s7pABQTtYUKjRcaeUccoX8WzBNwR1WLTKZXWRBbkWsBb23nhtTfJNnhiw1iJGam6Un	1769443093	3RrFPqZZSvuNh7Zf1DVsdkuCf93GyhsgHLncYc4rMpfe4BBzMePW1FtsPDZAw1GNvKn9WXS8JWDo8BUo3K3oVmN	1
39q2g5tTQn9n7KnuapzwS2smSx3NGYqBoea11tBjsGEt	24h	buy	1769739747	139759236369	133	37qhJi9rAdcuDCEQGfPT3pN9286noXoi19j5f6uCMc4ngjUiusvW42mm66d8ZuJjfUnjvBisvywj3tDmUEebfyw1	1769201408	21nF78i8q1cGgsKpJiPbCCqG7DsZj6sQQ8URE9kHfQmfdu4WSWhmDD3JenenL4FTKLDaUU81g9n7yt6wWcJC9h7x	1
39q2g5tTQn9n7KnuapzwS2smSx3NGYqBoea11tBjsGEt	24h	sell	1769735623	119892595865	59	2dseGALXXpEBNBS6MCPfJ8f53mysPkgkUEF83Upbci2LXnaJqYzJYDfm1xwwkVmDiH9VzHRxWMkuzjLgFHF4s8Fg	1769195276	4Zv8S2fZViUaR1HKbZMaHJ3nmDUjFryJu2MYuMRnKKwLoxxmEFF5fyG6WPQfujn3vaQjUPdqaqGgQ8RMzzULBKEh	1
39q2g5tTQn9n7KnuapzwS2smSx3NGYqBoea11tBjsGEt	7d	buy	1769739747	669596643565	636	37qhJi9rAdcuDCEQGfPT3pN9286noXoi19j5f6uCMc4ngjUiusvW42mm66d8ZuJjfUnjvBisvywj3tDmUEebfyw1	1769449581	41gSYngDLfaf55LMht9F5nAgMgtHAifKyMMqtWmz1SyhXRZCUvtPWVsWiPnzRZ3aDyLb4cxpmbPk6e97kh2jmkV7	1
39q2g5tTQn9n7KnuapzwS2smSx3NGYqBoea11tBjsGEt	7d	sell	1769735623	710695679554	282	2dseGALXXpEBNBS6MCPfJ8f53mysPkgkUEF83Upbci2LXnaJqYzJYDfm1xwwkVmDiH9VzHRxWMkuzjLgFHF4s8Fg	1769314679	YRV6KXHX5LfYsUKT64Wy78JVC4nstvZ4TBq9JtbLrAkp253ESwoJqexwCqUCZK6i1NvQC4LBkLESZ5TBBLXZ8fn	1
39q2g5tTQn9n7KnuapzwS2smSx3NGYqBoea11tBjsGEt	lifetime	buy	1769733190	10052044280	1	2XHCQKdwd2rXFzQdqEmYg1Tz8HqM1rB7c9f1wuymrYeYPSGPV5nn5XcNLRsKmTxS5RkwMDf85RwTprDADGxSXK63	1769194616	5wK6TuT4vttL8vdr2dpmhsu1mjXpPqLk1qHyJzMRCQzDca9sCWmReSLkJRcLSkcEBMZrHD7tGLB9wabMqbc6yvAP	1
39q2g5tTQn9n7KnuapzwS2smSx3NGYqBoea11tBjsGEt	lifetime	sell	1769725489	10391075685	1	2o9qdVNypTJC12aF5hyA6x7DHQV4MYf5Z28fvMgBRS7dqtz8Vgb4YdSWHatP3NQcqX4tsjPFtR6rXokn1ASX5HeE	1769397794	3uMkH1DQmysvL7772CYnzwfaRxkz5tVk2e8YNapPkw9NeZ5bK77JAxgnPiNuSdCkjyVnEh1bymeyDm83taqLhjNu	1
3AWDTDGZiW8joyfA52LKL7GUWLoKBCBUBLUE5JoWgBCu	24h	buy	1769736789	300005155129	3	Z5PmLwSodzemBjrzFBA5977hF53fFB86N7Rht1VskGaWeVKQwXp5ncVsWrZcJof8eEMcJ6fGGpZAXDjf9EZjGhs	1769734408	3kS3DUMDor21C1jcnpLTzfGJpwDioQzmebHLeUaZN7cT2bML932gztS3sHGqHwD53Yi8yuMJNBXBkZ5ZKYXYzr8t	1
3AWDTDGZiW8joyfA52LKL7GUWLoKBCBUBLUE5JoWgBCu	7d	buy	1769736789	320008267891	5	Z5PmLwSodzemBjrzFBA5977hF53fFB86N7Rht1VskGaWeVKQwXp5ncVsWrZcJof8eEMcJ6fGGpZAXDjf9EZjGhs	1769734426	5PUn76N1FyHgouXTVXxp92jjdQxLCDuc3Fvm8VZ8HLAWe6oJoCSAUFJ8pR3M8fx3EGiyXFwwHLdoHNc2vttH32x3	1
3AWDTDGZiW8joyfA52LKL7GUWLoKBCBUBLUE5JoWgBCu	lifetime	buy	1769736789	100000830390	1	Z5PmLwSodzemBjrzFBA5977hF53fFB86N7Rht1VskGaWeVKQwXp5ncVsWrZcJof8eEMcJ6fGGpZAXDjf9EZjGhs	1769195415	5KLyWQ8NDso5LgFCujVpvZEFyAqxw3UPYbzPpTNhTKtYyuy33ZqQvTNU2yfMb7mkrEjdkh1a7jMk6LeUhXuFyQAb	1
3BLjRcxWGtR7WRshJ3hL25U3RjWr5Ud98wMcczQqk4Ei	24h	buy	1769689851	279662309031	153	5tXjMAtBaGHoqsW59mgvZ9V6u9ChkT4JCXKTdrA6oMWx3C7VXvjwFLedZjX1XBAjEu7VQ8nJPqA5czq3DVxj6okF	1769151630	2H1QmcRKbgBZa4qJQ33MThAfxqm8JhWY56LD7xJTnXmxqWt4VDs5wJtUWdzjBGNkXNsgYCPEZasARjrWt1o5XyzL	1
3BLjRcxWGtR7WRshJ3hL25U3RjWr5Ud98wMcczQqk4Ei	24h	sell	1769713688	260467394517	63	4vkNFmFXsbjUsShn3RdyvghGv4adFNvuRWo5kX4mfoDowhHPM267n94FXHJAm9VaoinbFdh2gMmV3EqGy9uxh9fZ	1769164541	2Waqw9yqx6padvgGTdFbjC6bnA2BKRRUTVZbth1mJpyszj7u7nQ5sboVtEnzG6vHVKZ4bzx3smeBd6YqXoqU5vHY	1
3BLjRcxWGtR7WRshJ3hL25U3RjWr5Ud98wMcczQqk4Ei	7d	buy	1769689851	1058334847326	612	5tXjMAtBaGHoqsW59mgvZ9V6u9ChkT4JCXKTdrA6oMWx3C7VXvjwFLedZjX1XBAjEu7VQ8nJPqA5czq3DVxj6okF	1769229440	4PvWkUSfG1uruUgXppvC1csZaJekoxC4Knjgd38CZn99TiACDVeVtqDeqmiUqz3AJP33uupm83ULjWyW2fd9XkQH	1
3BLjRcxWGtR7WRshJ3hL25U3RjWr5Ud98wMcczQqk4Ei	7d	sell	1769713688	1264564470152	338	4vkNFmFXsbjUsShn3RdyvghGv4adFNvuRWo5kX4mfoDowhHPM267n94FXHJAm9VaoinbFdh2gMmV3EqGy9uxh9fZ	1769225266	3XX2E9xKhgsuiEbDy7p43Ls9vXEY4k9DkRTHSKPsLQdJ5TfqfxRqK8TBhNzLjcTGie2b1D3h2515q1Zvkycsv86Z	1
3BLjRcxWGtR7WRshJ3hL25U3RjWr5Ud98wMcczQqk4Ei	lifetime	buy	1769665905	12019455000	1	3zG5UrwoJxjxXBWAxvvA4NsJwA2E5BL6yjWLhhYi1jTvknHDRy1NjhQFwJrEKZCsngidpwMginXBGu5TB7y2wEF8	1769138678	3XC6aWUvSHSN7rWkgiaxUUmqiZpcRBAox62yo7LyqQFSq5c64hDkSkjnNFk7QyNE1izPEXXjJTqU8W2ie3DX5E1y	1
3BLjRcxWGtR7WRshJ3hL25U3RjWr5Ud98wMcczQqk4Ei	lifetime	sell	1769713688	24723138784	1	4vkNFmFXsbjUsShn3RdyvghGv4adFNvuRWo5kX4mfoDowhHPM267n94FXHJAm9VaoinbFdh2gMmV3EqGy9uxh9fZ	1769172887	64vFV3p2PbSPyd33HS11HydE9emp7nrERYWLcfYcrdR7NqNarvc4bbyHYt88JPMoTx84ig2QFQgUDhq5iQPTzfKS	1
3H9LVHarjBoZ2YPEsgFbVD1zuERCGwfp4AeyHoHsFSEC	24h	buy	1769729592	897842354169	49	48T1DHQVctiG7MDY8Fi9NaisJbZj2iPkvUaPiapbZ77ve2UxBJhp4sp5tLrcxTBzY5JpqhfgB37xGkgPam6ap1TT	1769196919	4iXh9M8bzYy5rp4sZuHPeowNed17xmCB71Qi6xNod8VfQhUKPtQn3mWXu3mmFkPmda5mHZVWoVLcs8GmKrnqd76D	1
3H9LVHarjBoZ2YPEsgFbVD1zuERCGwfp4AeyHoHsFSEC	24h	sell	1769743536	1606820220070	69	46pn4uZxh7XfYCaTtHTSmN9xqyqTMwMu86f8TTTqoGWeLSSd7CADiUhpq4GRgFSzTdKVAjYoopi6RHaMhHbTutka	1769193695	35zP9uLUSskH6L6oyo6UdG5EFNntyXrn9YUvssgG4EGSPguX5JwsXrhZxa7X8LRZcPCDBxif1CkDxkWGuwoNjmHH	1
3H9LVHarjBoZ2YPEsgFbVD1zuERCGwfp4AeyHoHsFSEC	7d	buy	1769729592	7703686688148	289	48T1DHQVctiG7MDY8Fi9NaisJbZj2iPkvUaPiapbZ77ve2UxBJhp4sp5tLrcxTBzY5JpqhfgB37xGkgPam6ap1TT	1769213365	5NRnpokDutnma858W7z6YCGkiAhyGLrv9ifvqrKPRrBz8wuWZQSQqpXqpUzwofMzFRNnLvixkw5MTqvTSeACu98Y	1
3H9LVHarjBoZ2YPEsgFbVD1zuERCGwfp4AeyHoHsFSEC	7d	sell	1769743536	8455751756287	322	46pn4uZxh7XfYCaTtHTSmN9xqyqTMwMu86f8TTTqoGWeLSSd7CADiUhpq4GRgFSzTdKVAjYoopi6RHaMhHbTutka	1769206319	2h6dSvgsXtyfsSrHVdoWq7NCtLbmwWWVHrUpY7s7YoTxxZfofmN7zVhirzcZAcBCgzeec2Zwx9SrBkdMiWFNsmdN	1
3H9LVHarjBoZ2YPEsgFbVD1zuERCGwfp4AeyHoHsFSEC	lifetime	buy	1769729592	15002244280	1	48T1DHQVctiG7MDY8Fi9NaisJbZj2iPkvUaPiapbZ77ve2UxBJhp4sp5tLrcxTBzY5JpqhfgB37xGkgPam6ap1TT	1769139497	4QL4KZfZDtBiYfC7fEXhxqjyCfsNDy3hMGS36SeksUYxNNmJRWntDLcMVj2Q5pc9LZP3X6esEXJvagHx4sBZbWwb	1
3H9LVHarjBoZ2YPEsgFbVD1zuERCGwfp4AeyHoHsFSEC	lifetime	sell	1769743536	14717937798	1	46pn4uZxh7XfYCaTtHTSmN9xqyqTMwMu86f8TTTqoGWeLSSd7CADiUhpq4GRgFSzTdKVAjYoopi6RHaMhHbTutka	1769140860	wawgg3Nd1gxXvj3gomATanYKmntezUsPa6hKhp7qNvAfuYEUBJyzYfcvakB3KssvkdbtH8zd5oVdHZ58S4ub7Xu	1
3LUfv2u5yzsDtUzPdsSJ7ygPBuqwfycMkjpNreRR2Yww	24h	buy	1769731961	100737107279	137	4CrjBrU3cte3eEHHmYuQWrdzH3kLpL4RVQmfsjXzXsNkcPc71PECRssm3beeKrXAe7NHGmK9dZUeHxMzso9o5y1g	1769152403	2BvJHXxiFcQLVnF8Tr6zBhT1Bv6zUcbbtumYC3rvcVpuiJ94dpyidBSm2mw2VgZSqvky2dog1tc72ntbEt1yeLbg	1
3LUfv2u5yzsDtUzPdsSJ7ygPBuqwfycMkjpNreRR2Yww	24h	sell	1769732336	104939872130	75	NoAZQZSxYGFxiRrXtUXgt3vAEtAdZWB6DUCesQHFevVrqKWN5mzqcs38oy4BKeNVRMxw6qDuNwMjEH1BwzPNyiS	1769151905	4XnuDQJAkN9TR4k7Vxr2rtdMbGructX4Dx4xo79LLW2VndTj92cFhThUZYEP3hP5VfNcNY8JTvqnFrTsCXQgEiiU	1
3LUfv2u5yzsDtUzPdsSJ7ygPBuqwfycMkjpNreRR2Yww	7d	buy	1769731961	1467013038110	1222	4CrjBrU3cte3eEHHmYuQWrdzH3kLpL4RVQmfsjXzXsNkcPc71PECRssm3beeKrXAe7NHGmK9dZUeHxMzso9o5y1g	1769260383	5hwZceUeshFBSmRHSko1jA5TDqNVAAmHPLUeq5nS4HSMGTg7WXdGQYAa9TUHkTqwan4v2hbXbtY7kBikYKgk3eoE	1
3LUfv2u5yzsDtUzPdsSJ7ygPBuqwfycMkjpNreRR2Yww	7d	sell	1769732336	1684639966183	1229	NoAZQZSxYGFxiRrXtUXgt3vAEtAdZWB6DUCesQHFevVrqKWN5mzqcs38oy4BKeNVRMxw6qDuNwMjEH1BwzPNyiS	1769253839	5PKFbq9JzhKyZRC1nS9B2oBTAqxxiZU4RSjqG5ZJh5Bs4ihMnJTvwr3ATBwMjN7hdnkBSCavhkMvrQWeK4SmdvyV	1
3LUfv2u5yzsDtUzPdsSJ7ygPBuqwfycMkjpNreRR2Yww	lifetime	buy	1769432264	10010005000	1	4ujtStH89jkf7B1oq47nHdVKmoYi5BV2YZsHJJiCz9oyshV7SwKNMN5Hun1ueZp7caKWo3ZJiRk1DD4qvpX5sX4J	1769299805	SBLwWFVNLrxdr6bAMyruyBGW2Ppg6Dfok6sqh2w3vCrYS4gqGcrxaKdCuM41kQfvkHLJH1peRaWxaHU6Y9gHs4g	1
3LYtEmYerFPeXgu1c9Y4553oMk2qVdcxiwWzDjzMkwPx	24h	buy	1769671734	100840640776	53	2KLC1VNYVK8bwLmxaMvUuRXideg9buoWsMaH8r63mqeHG52gtAY2TcUwR9MFZdcRCMR6V5Xb9nYu7ACD6U7PFqMu	1769335226	3ME3WugGHHCfMrgYPRps9BmLeqPxMwdFg5TxmqNTUgzvmCGPhwB5a8Du48ij2DXYKf43XTkD19fGattJDxyEyMNh	1
3LYtEmYerFPeXgu1c9Y4553oMk2qVdcxiwWzDjzMkwPx	24h	sell	1769671736	84979577361	46	2NsGFWToKyjkYUFFuPx8brZLsx99wCRZHruoDnTmBjARNhABzhHVb8MtBsvtWQMEhiwXi19PZd4vGNP9dezAxBWD	1769335067	GyPxf8AUn9ePmrmG8itpK3zqi2S7AGkZYNZQ3qXnTqh6kVBHCPhjEAGZaGPAhjd4KdQgcM3qw95vybVZZX8vUpc	1
3LYtEmYerFPeXgu1c9Y4553oMk2qVdcxiwWzDjzMkwPx	7d	buy	1769671734	312565499700	162	2KLC1VNYVK8bwLmxaMvUuRXideg9buoWsMaH8r63mqeHG52gtAY2TcUwR9MFZdcRCMR6V5Xb9nYu7ACD6U7PFqMu	1769584174	5asJD86EZcTUoJjCGU195g4a119kR4p8UaSTYdL3RwdCc9qQVvz5VsfDLRgy95f2oVhXvzyuXZ9J8MABbZvCCndC	1
3LYtEmYerFPeXgu1c9Y4553oMk2qVdcxiwWzDjzMkwPx	7d	sell	1769671736	315484118349	198	2NsGFWToKyjkYUFFuPx8brZLsx99wCRZHruoDnTmBjARNhABzhHVb8MtBsvtWQMEhiwXi19PZd4vGNP9dezAxBWD	1769347036	2w6auyRQYvdiiLCcYLtePUrWjmVfShP8eEVvjrtkS3HmjEfhRhmNatoufsg7sQMvT1EMbXwz63d2CLmf9awFdWsY	1
3LYtEmYerFPeXgu1c9Y4553oMk2qVdcxiwWzDjzMkwPx	lifetime	buy	1769598027	10689521219	1	47EbE9bGAQrSNPATghjUNQLiNMpwEpBBve4KdLLSACjB48HoWqjFPqz1GdZNBWahpnpkosEJTUHgZTirUUmtqp9q	1769347500	4cTuhSZrCbW7CPovhP2rwL7p2MnK65zFP8yLyzkVzU4N58YHitZPDZKP8hUmCiCyjJBfCz91du9wqrTdZUmCRZQ	1
3LYtEmYerFPeXgu1c9Y4553oMk2qVdcxiwWzDjzMkwPx	lifetime	sell	1769597690	10021932630	1	3H9FeG1V14dN5c85gGATPirqBXzQqDsx8vgWHU3ThCxQeCyPVjGjuXzyh9cRpsJk8afYAYETrHS4bg3vKG31ACzb	1769597690	3H9FeG1V14dN5c85gGATPirqBXzQqDsx8vgWHU3ThCxQeCyPVjGjuXzyh9cRpsJk8afYAYETrHS4bg3vKG31ACzb	1
3bzaJd5yZG73EVDz8xosQb7gfZm2LN5auFGh6wnP1n1f	24h	buy	1769743613	106594940353	50	WiMhVBjjAgm9jqseAT2AciyRLFXYWWxSr4YtuFjfrMDT9wWCMi5eyB2qEpHUAziECvt2yruRPkWH5QLgbe1LE5z	1769210990	3SpVbjaLBuFHJymP99DJqofTKiSajdHbwgqPMBj2yoyWYx1GXw8upk23P5LuCW1mmkH4aN1fy4zEPnaZJ95EPux5	1
3bzaJd5yZG73EVDz8xosQb7gfZm2LN5auFGh6wnP1n1f	24h	sell	1769740439	62955170280	29	4kg95QuUsxLfrWJeEwGpgTSHmCrkv8LmS4VWb5SVMhUTxrMxvmGAEq4yEzHPAaak9kWWGPmQ1Uf1PBFtso1Q6jny	1769210518	57skmNoTb57TLVuVwjspw5c85SUeXv1xhbRXUBUwUDkRwLfykLoX7TBmMTWp2VjkT1AHxqY4t646d6MaFo8m2yiW	1
3bzaJd5yZG73EVDz8xosQb7gfZm2LN5auFGh6wnP1n1f	7d	buy	1769743613	743975116910	271	WiMhVBjjAgm9jqseAT2AciyRLFXYWWxSr4YtuFjfrMDT9wWCMi5eyB2qEpHUAziECvt2yruRPkWH5QLgbe1LE5z	1769364482	c879b779pZDRtbz1TbAnCdHjA9EyDeWW2hxzKMx9eGwcbSLQMarKkhPByhZPmyKt4WmJpgWg8jnacSDfMyG5eQJ	1
3bzaJd5yZG73EVDz8xosQb7gfZm2LN5auFGh6wnP1n1f	7d	sell	1769740439	552555461990	201	4kg95QuUsxLfrWJeEwGpgTSHmCrkv8LmS4VWb5SVMhUTxrMxvmGAEq4yEzHPAaak9kWWGPmQ1Uf1PBFtso1Q6jny	1769379446	3uzN9Gp3iAeM8pkFHwBrjmV8SVKnfmgDBqvkZasLUJwotyRTRsyYN5v6AeZjPrnBir2aaAMUzsDJDfqjjjJyuhf8	1
3bzaJd5yZG73EVDz8xosQb7gfZm2LN5auFGh6wnP1n1f	lifetime	buy	1769693407	10106079080	1	2yZWQ2Ah1grfzSUdHiYoSRiEVMpH2JWwKbbjz8JixBL59tUqFQJdaZfGjFjTejzW8pkWDXT9JfByiJJZr2VLunvd	1769210984	3aqx6xLwRoD5W2CK5DdqdgoQse3DViePbYLbdsDyzEY2AFNGgnYFqS2r8gxFYFBhp2upfHBxmHmpsZhHiJH6pRrd	1
3bzaJd5yZG73EVDz8xosQb7gfZm2LN5auFGh6wnP1n1f	lifetime	sell	1769651971	11610532510	1	niG1Y5ZRNG4qRg8TT7MT1ntRfzhvMVdSHTmncZVfmHPXRvD3H8guauPtq4UzuT87LmTq16j2iwMVyhG5mU6QgMy	1769210513	w4UwdcUzx8nQi4DUTunPbUJurMbrBgEnMmsAvj4sGZuecSn5nAAPnf17LiZZnwqTHgg7B7ZnE5HFLRQgqzCtAup	1
3h65MmPZksoKKyEpEjnWU2Yk2iYT5oZDNitGy5cTaxoE	24h	buy	1769735669	263437821536	418	4fid4tcwpzDPTsXzNPzSwuGfFFdVied23sNZg8FEnE2UitwLJVHq6c8v485tjwpCjAR2kJwoRvFEbbXDE7rxToBh	1769142243	VmgW8yUFqchNukMQ5GC6GPBmG2nWxCWtjJNco1gfFy3XKTbD4kmnHqNYES5jnVJYjiuj8kmpPiCyGVuzPnCPLU4	1
3h65MmPZksoKKyEpEjnWU2Yk2iYT5oZDNitGy5cTaxoE	24h	sell	1769735700	216848256564	120	7se59JRjCUwyhv4VnmW12LheLeLPPPJypgUbYUFusyawW3sxJ562CXPLmA48Ewxa8542LW9JVkQAUjreubX4Aoy	1769145457	aYEr4K7vdbofkCEFuhRqWe39euFGCDkHkeN1b3xwnczKP1eBvxXc2cph5MAt81TmpJhCEYg5jwD3hGxCRHyuwro	1
3h65MmPZksoKKyEpEjnWU2Yk2iYT5oZDNitGy5cTaxoE	7d	buy	1769735669	2624522670792	3188	4fid4tcwpzDPTsXzNPzSwuGfFFdVied23sNZg8FEnE2UitwLJVHq6c8v485tjwpCjAR2kJwoRvFEbbXDE7rxToBh	1769202643	2UPpraLLJLWTmCLiKH6br2xWUPHvkFWUYw51VTy3k6VaXo39K1QmLbjNRnhY4TPpqkdtVUqMnQyY8AyvhN6W6QkJ	1
3h65MmPZksoKKyEpEjnWU2Yk2iYT5oZDNitGy5cTaxoE	7d	sell	1769735700	2132916881910	836	7se59JRjCUwyhv4VnmW12LheLeLPPPJypgUbYUFusyawW3sxJ562CXPLmA48Ewxa8542LW9JVkQAUjreubX4Aoy	1769230569	2egJN9Ma7FE29nUSnXNeABM8Bzb8KSff4TfsHZmoSBwAzLo6hReS3wKEw2HP1wz6kQsby8qDyAdpD83XwYLTDVm1	1
3h65MmPZksoKKyEpEjnWU2Yk2iYT5oZDNitGy5cTaxoE	lifetime	buy	1769673920	20030424933	1	3pH25kMrMjh4qJ2G8n3zwfnCfPs8d8vQumMVXBob4vnSBFom6FuRjhbRkmutPdHc7Bx5TXdYoESYyesu36pg8NTE	1769280494	5a4cRzSntAFXC7uGxsY3dvWHGZ61KBKSuY1YDM4xA5W7Kmwk41oh5tGYMCNp9oQf8CHtsJNEpC2V9nBtVxRxE2xx	1
3h65MmPZksoKKyEpEjnWU2Yk2iYT5oZDNitGy5cTaxoE	lifetime	sell	1769684996	10604413457	1	5TjJEmhFYDekMGqSNZtS2LMMWH6wP9GoUkT2kzMwYLyo9gVj7ZKyRgnihfnkxafYLfvejyAvumxxW8M2xNpLJFzk	1769194746	2xd59BU1JLHp7ZpXvDswJRsGCxNKW6BsnCc9BBDF6ASsdhekBdTgjBtwkkxX58ozmgxHX42nCxCzR1ACX8w1tEfc	1
3jzHjoPKaceZjA6AqAWka7Ghw9F3w9k9cvjGTmybdioT	24h	buy	1769619459	80328173160	5	42TEuiv3jtuWqVevBy6KgvML4tuDCssvWSgPofDrVB5dKo7ybVppFuz42wnDYDNVVyKx44nmqQMGK6SFd15HSJUQ	1769448670	3DvrC993KVzrP2LZEnJSurWg4qAskPodoBacd2nPrR2jLBCkzewo8xj4L8BNQZRaRcYXEz1fGinzFE9a9pMUKioY	1
3jzHjoPKaceZjA6AqAWka7Ghw9F3w9k9cvjGTmybdioT	24h	sell	1769283005	71354707196	12	5qtiUWgmRD64tqX1BmiAeDKZQs5KFxRraSC4Gu3iY7hXp7D2CQfjHc74myKuepA9iSiKuYB9e2HpbUcGcoikGEVw	1769282935	3jcPNU55ZoMEUmysLd1UmjJZSWz2scXDa4HZLtLNo8LoVpob1vcnBWswVUTaZQ6eqo1dwDFBcQj4z51c2GSqgJS1	1
3jzHjoPKaceZjA6AqAWka7Ghw9F3w9k9cvjGTmybdioT	7d	buy	1769742815	326943775740	32	5BCGzJ1D73X3ehgybVfpiQJQGqkY2NwkSKCKZu4x6QVsAqWJdm5JFiotyvh1gFx1RR9qWNLHSF6yStKmDi4pDYSB	1769531262	4Hj5K2cMfyLdT6HUAAD3HYJ7NfGGVcbYqZL5raPhPJUYCBpFRKPQPLk4NWPHhf2FmyXRZd1CE8VWpcrmRe3Pz2AH	1
3jzHjoPKaceZjA6AqAWka7Ghw9F3w9k9cvjGTmybdioT	lifetime	buy	1769742815	30305005000	1	5BCGzJ1D73X3ehgybVfpiQJQGqkY2NwkSKCKZu4x6QVsAqWJdm5JFiotyvh1gFx1RR9qWNLHSF6yStKmDi4pDYSB	1769212724	3fEbNQ12sc5DgwFYzdLbHNSBKD9LhxFbMUDexRZkEPE9AdYsz42aAuCKTNSQqPhyXdrXL7QzV2Lp6m5PHzqtzr8o	1
3jzHjoPKaceZjA6AqAWka7Ghw9F3w9k9cvjGTmybdioT	lifetime	sell	1769742793	34724903092	1	4ydKVL47MXc82wMy44STc4rg92KU9DRBJFa4YNQJCuudjtTnQgnB6GCJGdjygGWjTH2xQ4cnz83mVsaGP4iuAcET	1769197050	3qTvshVSov5EV3Wv5agKbHMZxACKS8ipe73rLs6iK6HXdCMqkbrMjuY6SPmSLBp7CTjsGmEFGZyFH9C4U7VjiXBB	1
3kebnKw7cPdSkLRfiMEALyZJGZ4wdiSRvmoN4rD1yPzV	24h	buy	1769645917	88934745699	19	4zJqQNNRCm9HGAtDhzLKhsxKpBLspHA7pgNmSvBmjBMiC6U31gmWZaXQXXYSsVGHH1rSuRv4uEpRV4HXzBtnmG2b	1769284311	5ayRkFoqLbBMK5LweEVZw1KamtFg4qcL61HbxcA5VERCNpJZ7VQKP5R7ntHuf2hAnmCiwBXtvokWqNqDJVu7r1PB	1
3kebnKw7cPdSkLRfiMEALyZJGZ4wdiSRvmoN4rD1yPzV	24h	sell	1769488157	114669822416	39	62W9U94qSXtP5QFHwGXhu4bDhyjBXjd5y2KEhetsFmfRrA8rQ8wLH2SVuQkPc6L7VAw1zCAeYEeUsqcsMS3NqKKR	1769452185	3ZLo8xq9xroHoathaixSz6xbbaL6K68cdApEFidEkE9rBMJnm9bSdnX6wQMiKb1AL2sdQxDyWuGK4XW5uem4eUoL	1
3kebnKw7cPdSkLRfiMEALyZJGZ4wdiSRvmoN4rD1yPzV	7d	buy	1769738507	391571957742	101	ri8eNCDUgeMyhjTW78haPVNs1DKWbPFtgQWjPisjbfBNoeaXPRNoHbasTyxMV8PW1BGrs6td3omuMEcF3TrjtLn	1769445720	WYHmsJSj9QCtU88ebLPnKYSexikaDnnMYWYuLFBUJ5x3eWRa9Yuxe2UYwMnQkUKZiYSxEZ8pcgV6WtSi5RrrowY	1
3kebnKw7cPdSkLRfiMEALyZJGZ4wdiSRvmoN4rD1yPzV	lifetime	buy	1769644968	17179079080	1	352Ac1GT4xStjNxTAV1tkGtFJFHWxNcVWR9vpHd49fnHCcTFaEE77je8AUPMZNivR4domMGgFbcM3HuZ6WZ9YNP4	1769284311	5ayRkFoqLbBMK5LweEVZw1KamtFg4qcL61HbxcA5VERCNpJZ7VQKP5R7ntHuf2hAnmCiwBXtvokWqNqDJVu7r1PB	1
3kebnKw7cPdSkLRfiMEALyZJGZ4wdiSRvmoN4rD1yPzV	lifetime	sell	1769454228	15232366603	1	GUKyN9ZuKxV4UwCEPi7wTKNUwMfVTxE5ut5939GxjpvYkcTL8AwgdKqHd5EdzA1GUt1CNev9JUgqZ8xHq8zmU7L	1769454228	GUKyN9ZuKxV4UwCEPi7wTKNUwMfVTxE5ut5939GxjpvYkcTL8AwgdKqHd5EdzA1GUt1CNev9JUgqZ8xHq8zmU7L	1
3tkVLxjhxZoJLn8aRHt7yG6UjpjYjnKpaDQ1ijY6Ur6B	24h	buy	1769277715	71494637610	55	4MruAf1BHf7uB5ptwysfU4JsLV63BUACeRXam6ycc9i47Gbqy3PXB1oQbWiH2ufZD9i5pG4SU4dSZwZzNqzkDZkM	1769198081	2cT6gs115gu3Gafe3awpcFsQ5iyTqeJZ3kuFwFM9q3DKsFfd2bAVURXEK2uXpuk7ENyuve2wrZKziajcDZLnmZ5F	1
3tkVLxjhxZoJLn8aRHt7yG6UjpjYjnKpaDQ1ijY6Ur6B	24h	sell	1769277758	71416917386	46	4132twdvrHL7zmdMppQDHY36WuYfYKWV6Z2NqFa9xn4q254pVY9PkA1QT62sKhxB7cPTnTEz1k9V84sMmbtX5bsJ	1769197249	3eVFCpSU8mACN3WN4zCNC7MLjHsKbEW4MeKxKUyH44vRt5dCt9R3M8BW8dDYLnyy2jZFDrgaCy2R4vHcJfEut5mc	1
3uz65G8e463MA5FxcSu1rTUyWRtrRLRZYskKtEHHj7qn	24h	buy	1769726668	54018729809	44	41xPjZySMaCTsZ52L2XQ5SK7kmGYu6UJRkwGjFdUwZsCZYjKsx43YESat7NN4MauazwYPmHaaoHHnhQsEkF5dxwo	1769258865	xJTRMLAc8V8XJnX7VQseB496k8Zz7dCKQwpgnEsCXnkNEcVaXw22etXhsotLFwqeuV9k99WU7FtYP8sdSUCrg1G	1
3uz65G8e463MA5FxcSu1rTUyWRtrRLRZYskKtEHHj7qn	24h	sell	1769727268	61529730254	36	2au4Ko8dXj3JHyHmQvfvGaw6BM7M9XKzcAeMqCnsJ6uTwxTgxB7vVnVcDck5X3qXJhzyjFnuPzAmboACdbKDqxFT	1769200609	2VnEgUy75RoWYrWBrj36sntnvFJh7sc2Bk2PzwdUfzqi4cRGqxUqh44k3hpEYecrei6UFJ9iqUdZNJQgPGwGjgaG	1
3uz65G8e463MA5FxcSu1rTUyWRtrRLRZYskKtEHHj7qn	7d	buy	1769726668	285338599612	164	41xPjZySMaCTsZ52L2XQ5SK7kmGYu6UJRkwGjFdUwZsCZYjKsx43YESat7NN4MauazwYPmHaaoHHnhQsEkF5dxwo	1769610664	2bECkVCkQmUR6g3HrsSDCyYhQyRzuVJkUaa6wv4jxBAXFE6AJdixUeeq4tNrqh96pE2G9qivKQb8vg772oLTHnSG	1
3uz65G8e463MA5FxcSu1rTUyWRtrRLRZYskKtEHHj7qn	7d	sell	1769727268	312355323985	181	2au4Ko8dXj3JHyHmQvfvGaw6BM7M9XKzcAeMqCnsJ6uTwxTgxB7vVnVcDck5X3qXJhzyjFnuPzAmboACdbKDqxFT	1769540813	4T8vzNhiPvoCgqnqGdLiz97QLR8boZUy7Y4WSyXXLeVoUFZxvtWYn3j6QUvZPnaj3uTND1urjHHen8jRnXrnnhJR	1
3uz65G8e463MA5FxcSu1rTUyWRtrRLRZYskKtEHHj7qn	lifetime	buy	1769430750	15000006227	1	5FD5C86v2y32H8TwEi9EkBEMZ531pANfRk8LmCFDdBVXnEAZ1XjQRoYLTuXDEg4gcKhgEit1NWdguCwcXcwV7LEv	1769194731	3TiGekBE3kUt34peeA59DQZpm5Svp7zPQTNSZcLsvcmhEBpwMxN388Wgq4F8NZCrMJwVih4aQfsyFTCtTyRwSpPn	1
3wi8waD5A64D7PLutUYJdhMcrYvDBTqeh3CRFgv1hFtY	24h	buy	1769658601	56085873156	10	4SMjh4b6uaPy25H1N2yQDLbvVv4iStm3Ud8sHij278qBMJmRnREhNzbF2KgpDuPjzAfRDW3BDEN73o7stETRYALc	1769196692	5foxDcnU8ATUYUtwTQdUh9G9EwhfATKYZNkPSfkkoPg21CBoq33c1qQfsdCtvR17UcniJa15N5T3E6wRc2Fmb7MP	1
3wi8waD5A64D7PLutUYJdhMcrYvDBTqeh3CRFgv1hFtY	24h	sell	1769395789	61458485065	10	5jrfnQSVYLQSxk5XAaFSkJku6znaMvsd3TiB8W8Xy8sH76igaftkdXpMwVutphDzwjRhg7NsBHDA2GKp3ZaZYeiG	1769221624	opPEnCiQwnmpTLAXvTR12KvhbsRkoB1nNkor9vijs5owXzH99MyjZspV337BCsXtFz4fxCwPGVo8pJ6wQk8HeAz	1
3wi8waD5A64D7PLutUYJdhMcrYvDBTqeh3CRFgv1hFtY	7d	buy	1769734954	492638663252	78	Zo96u1WVkNkJJww9CUX1aquyY8mNgw55NghYy1siS6kiJ7JjJw3z4vodiEHavBonHpKEzbnxrFTfDMtPxWvQLoZ	1769283665	3B8AbddhSoW5iCi18KADoL4qubqGtypYzWx8QgmNPMLHdDiwV67ZrVvQQNfFW3mvkdycJHH5xLnR8zJ8zVMQUqaa	1
3wi8waD5A64D7PLutUYJdhMcrYvDBTqeh3CRFgv1hFtY	7d	sell	1769735311	432717748384	55	4tngrVhA1UN7gobFyq9KpEkiDGDoPpmxpUaDYY9tAAELC8EJC5Smks12UnTNoHYbWwk79TvDm1YW6zA1LfwbbbYA	1769285696	4jHsstcrjd8J8udSB19dHXJjJvRT7hK4sSpXgjSfLJHfbeSwrfegnNAVLSULkPB4wSobs9Nr3YePsQyzfPSuSBi9	1
3wi8waD5A64D7PLutUYJdhMcrYvDBTqeh3CRFgv1hFtY	lifetime	buy	1769721330	10253188543	1	2bowMRS2HCNm5WvbUsspT9GDDj9BuHzDbCbBPzB6GLAM3JXLg24AzfauBd3pg3PUZD4JvTHpLdbTBR1YaQd5KqLo	1769173729	61d3YhkYcgtCUZSZ64PX4ENEXDHRxkzDBgBEeBAXq6pC6fupeKK9v1nXiMQ7F3AmSPKMhtPJd7sJVjeG81srqykT	1
3wi8waD5A64D7PLutUYJdhMcrYvDBTqeh3CRFgv1hFtY	lifetime	sell	1769522205	20243191543	1	4bZHn8fNVaETBw8Uszg1T4yMN2DCNiAQ6Lms17j5zVma7Fu9xX3dsmHvFRrhYanjjTqwEMJhjNLqtdi7XjJvJcA2	1769221624	opPEnCiQwnmpTLAXvTR12KvhbsRkoB1nNkor9vijs5owXzH99MyjZspV337BCsXtFz4fxCwPGVo8pJ6wQk8HeAz	1
3wjyaSegfV7SZzjv9Ut1p6AcY5ZdoZjmu6i6QPCVvnmz	24h	buy	1769702816	226443733912	876	5Lm7Kocdzypoi8hCG6ZfH2Zggpg6YzvKpL8tAcRTCEXMSwz3P9UYTKuPHUd2NB4A2Ve8b5pWySVtm2YTyogahMXz	1769345019	4fF5yjVkVJHedX2sLzW3TiCn25WL3ZhKmKATYe4qwcf179zL35Ls4d5dGc2GoJXbsVneEqsPeJT7VFYe6DLiS1hV	1
3wjyaSegfV7SZzjv9Ut1p6AcY5ZdoZjmu6i6QPCVvnmz	24h	sell	1769702834	216701565750	204	1PbWRP7tCTYJV6mPSkD9knHpQyYCAJoH2MJ2pkzdrNTZ5XPS9DPN9CpSjy3jvUVqvNnhE6UQ5P4miV5cqaPto1T	1769344948	4CrRHoxeBUZEXHVUL7MkQdkqH9o67DcnyZmdQieG6YNSN1B44FWQY5EVvKwHfJ2royDeMo9ASjiBXXsm1e3M4WMx	1
3wjyaSegfV7SZzjv9Ut1p6AcY5ZdoZjmu6i6QPCVvnmz	7d	buy	1769702816	1295265868959	3287	5Lm7Kocdzypoi8hCG6ZfH2Zggpg6YzvKpL8tAcRTCEXMSwz3P9UYTKuPHUd2NB4A2Ve8b5pWySVtm2YTyogahMXz	1769424583	4LFnJ5gs8NcurR75drkZomQaXSqLqWb2weYJqhi27YQvWdy9yzQn8dc9ezjrtWwBvA7odtr2YRdTxk25xbJrEcVC	1
3wjyaSegfV7SZzjv9Ut1p6AcY5ZdoZjmu6i6QPCVvnmz	7d	sell	1769702834	1289913078995	1103	1PbWRP7tCTYJV6mPSkD9knHpQyYCAJoH2MJ2pkzdrNTZ5XPS9DPN9CpSjy3jvUVqvNnhE6UQ5P4miV5cqaPto1T	1769423692	2tsFWf8UmUFLJE2WVy1RPMFS5JgnT5NuWwNiJ4c5CW9pS8W7K34vmiBXjwbJbo4hqKhBrRmB1uAYVgmmpizV12DA	1
3wjyaSegfV7SZzjv9Ut1p6AcY5ZdoZjmu6i6QPCVvnmz	lifetime	sell	1769527170	11794343736	1	3BE6C1LsCAeDLm5mSTWdZ8KdpYLSVdtvXgrKSmyikBjvdBjMeGJ94c8Z2tsNgFkuvF9o2VvVmQaEvam3eD4Tnjce	1769434931	52pJD6EBfJeWCfYUoRL8nFhktbBi2AvQn4UnC3CTgaXbTVgyXxt7oXx5MLD7tFdSrxJxvrMQHQ2BktriosbysMmk	1
3xRT22ed5V6gKkR16hcL2H5GEBMu15givEH14ZsTsv8j	24h	sell	1769661744	174020381859	5	dtAwhfW5uxJsexG9by46Y72148J6zZQZ8dex2TtSJa1voevFFBvkPy4ArPywgBxMypKemUQE64554ojHJD4MLKy	1769661688	4WuFJbxzw3ynhYGhqLeAsxWUuZpQKFc7WycjVdvX8dPrqpdMUCCoZCszSLi3CkqWHkZLVfU5sBHoUHcHAbEcjwVy	1
3xRT22ed5V6gKkR16hcL2H5GEBMu15givEH14ZsTsv8j	lifetime	buy	1769621206	14489097005	1	5Dv6LMpZR7teoSn2oQbMmMeBAnJhpHs1FikbMhCafGSAqhwS8wSTEtZ9gP8fGAKK4T9naSnmA71RdhzST2ug1n3D	1769603811	3jBa87HUqMZJBCTYmzuutJz5TQvBh5k9PSUgW9eFHNCX7jhqUAzSiwQhkyHvnjpw7ZfgS997NDy4jz993kRYQq9i	1
3xRT22ed5V6gKkR16hcL2H5GEBMu15givEH14ZsTsv8j	lifetime	sell	1769661744	76906501520	1	dtAwhfW5uxJsexG9by46Y72148J6zZQZ8dex2TtSJa1voevFFBvkPy4ArPywgBxMypKemUQE64554ojHJD4MLKy	1769618697	3yzK7gJELebgVPt7EwEhPoJ3SJR2JVJ47Hg8mmhQAREQq6mgmwJkrgYcqU9bs8aroJW6TauTTiAanoxy1UoHE36F	1
48kx1v5iNdpwmWKAcfwNKL8brRCZqATJrmrCAw8wnN29	lifetime	sell	1769678897	19491661832	1	5EGKsCgQuC29hj49cvFd6kF4sw3uhrrxb1TnHyuStMUL6QV2hysyJibTQWKKMLiGrsT6JmUcg2Cpi5ZsTwdttr9s	1769678897	5EGKsCgQuC29hj49cvFd6kF4sw3uhrrxb1TnHyuStMUL6QV2hysyJibTQWKKMLiGrsT6JmUcg2Cpi5ZsTwdttr9s	1
4BdKaxN8G6ka4GYtQQWk4G4dZRUTX2vQH9GcXdBREFUk	24h	buy	1769741175	269007158198	284	XBsTXDpEZk5e7gq3WwSxg9PgyRuEqvEQBMp3nf5fxyMjTTeZQS36QJgKd5pDNWrAN3tUSWNCwY7xVd6PdBUkAvQ	1769185570	85LJsAfuJx8wbZs8SuRNxTxYZDwU933HdQ5Z9efoM3SPWbizDLRLJJLza5cvCwJYAZtdeuoT6GVjNZbRET7Ydw9	1
4BdKaxN8G6ka4GYtQQWk4G4dZRUTX2vQH9GcXdBREFUk	24h	sell	1769739327	374851309206	146	4WvePLVU55wB96uriassriDu5VXE2npQQG4ScXVs3TeAEsjXu8dGKDbf3EMDXz7JgMU7JrpBzWUfgDFV2oSHKvAN	1769182833	41NukR8khrEW11GtnHPLf23uAjTi3dNBoopckrj2yzty3Rt4QkJT7A3dYUki27Cfga6QbU84uYnbvuKfpj5rtppy	1
4BdKaxN8G6ka4GYtQQWk4G4dZRUTX2vQH9GcXdBREFUk	7d	buy	1769741175	1303410182338	1364	XBsTXDpEZk5e7gq3WwSxg9PgyRuEqvEQBMp3nf5fxyMjTTeZQS36QJgKd5pDNWrAN3tUSWNCwY7xVd6PdBUkAvQ	1769263390	PBkS8y459qmGLdSCLcq5esSMsabohT9UcM6upxxDNDuxhWk9oWBN7vUpiVkoR9j9TQTjYpDJzQ9Za4tk7kpugae	1
4BdKaxN8G6ka4GYtQQWk4G4dZRUTX2vQH9GcXdBREFUk	7d	sell	1769739327	1933412964525	667	4WvePLVU55wB96uriassriDu5VXE2npQQG4ScXVs3TeAEsjXu8dGKDbf3EMDXz7JgMU7JrpBzWUfgDFV2oSHKvAN	1769195291	kYp1FtDXTSEpUYZrfXgDkq9V4LP3XP9E9urAWQuDn898JqJYWYbzg97Xev4UbpcdP3c7NZNMwgPQECcJNjfuD4i	1
4BdKaxN8G6ka4GYtQQWk4G4dZRUTX2vQH9GcXdBREFUk	lifetime	sell	1769710300	12898035342	1	2WcmWVpThKZbmR9Je8Zh2qYxw964pbwEG9ZuQBNtaaSHUgvfAyrHNBtPXfRjjHq7EDQ5HAgehPh8h5SCbQTmuS8H	1769447015	2dHbTviLmkgAQnNXsnRe6Ab2eCzgb3aMZcyLau7mvhte1y9BkmJf3MowhJKviJ5YBJDmeHz9BbacS4VgeTZWDnJm	1
4Be9CvxqHW6BYiRAxW9Q3xu1ycTMWaL5z8NX4HR3ha7t	24h	buy	1769304893	60006998314	4	5DDjSJ6uxgT8MF6Zn1pmYn7WPc7gSuPEnF2rsHEESVzn3EK2UEFwM7efgdTVciAsv7EeZPfpDHQmUHciMj4DB8Fk	1769285520	4gvFubJuquxDuoAeeSQnLZfhJX94DePe5XWxZBPiK7n91VhcWi6JMqEg8A4MzYXMtLvbPPZcUXAeYe6cp3HKjAA3	1
4Be9CvxqHW6BYiRAxW9Q3xu1ycTMWaL5z8NX4HR3ha7t	24h	sell	1769567412	174066411753	1	2qygGkimqGhLH4Zqe13fzvLwur43hh9iLq9rc3gKdb84XG2VTUXxefResVqMvCRqTPLeWfYuUNm6oBp8q3GiCJBw	1769567412	2qygGkimqGhLH4Zqe13fzvLwur43hh9iLq9rc3gKdb84XG2VTUXxefResVqMvCRqTPLeWfYuUNm6oBp8q3GiCJBw	1
4Be9CvxqHW6BYiRAxW9Q3xu1ycTMWaL5z8NX4HR3ha7t	7d	sell	1769567412	220410422887	2	2qygGkimqGhLH4Zqe13fzvLwur43hh9iLq9rc3gKdb84XG2VTUXxefResVqMvCRqTPLeWfYuUNm6oBp8q3GiCJBw	1769567412	2qygGkimqGhLH4Zqe13fzvLwur43hh9iLq9rc3gKdb84XG2VTUXxefResVqMvCRqTPLeWfYuUNm6oBp8q3GiCJBw	1
4Be9CvxqHW6BYiRAxW9Q3xu1ycTMWaL5z8NX4HR3ha7t	lifetime	buy	1769608410	20002097737	1	4j7G2KeBNKpku9YWhw724dPYajpEnQTpYkwuoBQBMV2z4JL4aUBHTL54rb1qF1JN9CGgZWqv4c9aGkkQZLbWhpwU	1769256602	4HLwihy9ViDn3SrS4AsuDbHvqPrQSzMkAJZb2Kqy5EUpLcNbxKyC1KZAUuk1xJnpBJCNXsgVAGz79mQ7v1AC3B37	1
4Be9CvxqHW6BYiRAxW9Q3xu1ycTMWaL5z8NX4HR3ha7t	lifetime	sell	1769567412	174066411753	1	2qygGkimqGhLH4Zqe13fzvLwur43hh9iLq9rc3gKdb84XG2VTUXxefResVqMvCRqTPLeWfYuUNm6oBp8q3GiCJBw	1769288644	4ik3JzqDzxD3XPgBEnXP7T9NigUGQMgJFUfuipgCnFvQetfqL7GoEyeMVcKebSUJBpUqtRFwbZxwJNNj1AiU5NqA	1
4CqecFud362LKgALvChyhj6276he3Sy8yKim1uvFNV1m	24h	buy	1769730201	66404513960	13	446JgFzBichJw2DiXsmQFtP9iP8KcCvci6kKd11hKosXYKiDzRTsp1qJe3nCYSXtssutCn8d9uhqWT2i7Xd4cZpz	1769187196	4curBCfGhCiocVVmZpacYmur8tdS3QQ4qgBVbAh8L8p4Xivmq4efo1HTkDcx9popoz9G8ptmfu8YgCd1cDRPSmA4	1
4CqecFud362LKgALvChyhj6276he3Sy8yKim1uvFNV1m	24h	sell	1769641438	102136323779	16	277zLxiRSd53sVDegSJyZeLzfzMk3Ydcprq5WiqGB1yMo9mxQLHTKDzgZUyioUd7FzBT5RS5g8KU3sC4dNzG5XFz	1769200910	EeveQLbGS4VuSdSHxQFaVXeWMG6R7qAiGzAT5SuTd3LuCBjPzFhkigbVZsSMmKmnweDg4dJjD1SMwfrtQnrv8V1	1
4CqecFud362LKgALvChyhj6276he3Sy8yKim1uvFNV1m	7d	buy	1769730201	1490801397094	113	446JgFzBichJw2DiXsmQFtP9iP8KcCvci6kKd11hKosXYKiDzRTsp1qJe3nCYSXtssutCn8d9uhqWT2i7Xd4cZpz	1769445502	5nk2bVdzM6bpbzjK2XFoHvmVZLkTAqsHVbGnrsGMDu1EBsZzR4XiBZfd1R9svLMBBX1gmiv15gEzZ4cuU6rGN77u	1
4CqecFud362LKgALvChyhj6276he3Sy8yKim1uvFNV1m	7d	sell	1769730326	559241772162	86	xVyVm4yUnLMaKC7wDhREokH3hpfnd2aFFYFeNENvmcpD1hL6PokB3AwQgMg38inJWQHwmxHjFGKaskbLWGi6Xdm	1769377782	26HKbe6vXgjWnSRyyzeUXiouYPfXXrvBYm3Z9yUQGuew5jnV1Ngi4WJzv2dezARYd3y1znZLqVQTpgwmjzvk3uZY	1
4CqecFud362LKgALvChyhj6276he3Sy8yKim1uvFNV1m	lifetime	buy	1769727873	10032044280	1	5oFzwNG9nKnDw57AWbDU9utDDg3XQ8YZ5RUzq8bAAcL3XZTPKxtJZiUDv5LCjLLW69ifbrH2aU85DL6iUXSASNgi	1769142969	54H4rvxC5mbXyK6TepB6snyou1sjVcPJJqz9Bop17TKyuuas6H27BrfMPCxuXn6N2qxkMXAUctRjnXgSMy8n96q6	1
4CqecFud362LKgALvChyhj6276he3Sy8yKim1uvFNV1m	lifetime	sell	1769727965	10340062725	1	3KhA2zhhPqh3iVoYuWJVkukikf5s6tGPG5mdSmkzoWfQ1b3dykRNzQ1ZWzPARCG6RDnRnV233e7TqHLdR9XeLEPr	1769186243	5Nsayk2jmxi58w7mG6p8nPeMfFFCGUvMVmnaYmf6xx2vEy6Q38NC5CasywZbaEsgFaWPYvNop1Ar18yJFtowpENu	1
4DdrfiDHpmx55i4SPssxVzS9ZaKLb8qr45NKY9Er9nNh	24h	buy	1769730316	52931839182	60	3XjFTednAeXHkWLMwqpGDucgW8fV97R1ZDGDLyLpzJUSj7UgDRshzjpeS47np8Q2GEFDRcAXXq7ai7tBMSKsSEWW	1769236626	4xJojdELNsFtDpUdPZ5KTn6eAHounv14EJr3XtExkzKTEoXez58xdUqSdEFRXzs3sypttHKC4ZAzK7Dnybx55znL	1
4DdrfiDHpmx55i4SPssxVzS9ZaKLb8qr45NKY9Er9nNh	24h	sell	1769703919	82549800234	44	5HJTX8uNU74hHQPMJ9G31BvNcdcoupsHttboQaXW5wLWktwCr5Fw7p4A32yFdxvoP2dPZqPkU1dyyeSQ9tLoyCnJ	1769236633	5LLVYuJzpK7eQNCXeoZTAyf6w9Re6nfstFVJL62CRNXJ4BZu9u95MLXARSNP1Xn2gy6TCnYV9L1HXn6rEHT5k9Px	1
4DdrfiDHpmx55i4SPssxVzS9ZaKLb8qr45NKY9Er9nNh	7d	buy	1769734960	940656312668	1138	5gybhx9CfrQVWP33Lna9nitiPChPNLDQ9TexdhToFBBSFasPXagLZBmhJYr9st56sSYFXGRCJxJnSho2eso7vX2m	1769354046	56yQ4cKVRDzsruwcvPVWR4e4NC1PTg3s7dnXVqyRNgFNsWPj95b2VjTnWyLSCxdhj3MZMMiZnA88NQ3y31JCqEZW	1
4DdrfiDHpmx55i4SPssxVzS9ZaKLb8qr45NKY9Er9nNh	7d	sell	1769737296	911690214173	407	5hPwnmxePsZK288HHDZJzeefXSMJySyhx9RiW2yLJyFJq6s29sPwHZLw4gQhz2mSwqPfZ1pjdBnpLV1HAPaUDpAp	1769354023	RRBv4QDtgQFMja8sFvJVmUxsHygphiLRLDMReqQfFiqFpc24bjuKZ5DDJZ9MVqEe2Ch39QGFUcUNhtVegqjpos9	1
4DdrfiDHpmx55i4SPssxVzS9ZaKLb8qr45NKY9Er9nNh	lifetime	sell	1769652772	11424204225	1	57L4MivJNWzxQxj8nCyBrz1LyADRcmk4pkaKfyoCrWnYVqiqpkuvjxFUXgjS5Mv1ihzfe9zP3zJDp22nMjcdgUM4	1769408160	4AeYATN5QJmPKzWrXbwco8z6Zaz8DnWXTAyyZXN7VZExAuq8epvSfCLTrKTyQZ6WZTQUNQbQrDA58th55iDqndEw	1
4Ff9dbi9L93qMvevpESY4YLHtdqTd8Yj8jXj3VwCNY4g	24h	buy	1769483646	50199971655	44	41u5agLbs61gChNFWCthmYP8HKWooKS7N8Vpa1Fb2qVZGi5Brj6EBNu5amkpPFNdaRKmCYUqQL6sDRWM9zcdVSkD	1769447983	3RkWVgQvsxJ52nJhpNDqMdeEuCoeHAuFuXcxv9JQ6FKYnUmJ8StuzDJYCZj1QNCkvsJTEZSe9hcDoURYerkA6Rjg	1
4Ff9dbi9L93qMvevpESY4YLHtdqTd8Yj8jXj3VwCNY4g	24h	sell	1769477761	56561682627	52	4itxEoW8w4nAZiMTtuhwDaBNANa8znh3zET65NPLkWRgt7UTTztZ48NV87KQVS3hui1DbjAoUAGxeJLb8F8UBsZV	1769448897	4MVdoPPtyNjYfftjFFoJ4pfFMhiqic5xg1kq9ekpRbXj8HrdhbZ1DT1aG4YAGNQ4C3yHcRKUscSVPdMiJEUw2xPc	1
4NtyFqqRzvHWsTmJZoT26H9xtL7asWGTxpcpCxiKax9a	24h	buy	1769640322	50466710880	14	SM4tpYfn6eEGSsbjko2QFAbyPYYnV6MHGKrqtFZ4xjGSwfEoQrVYwcgqpkdYFc1ztFi2RHsZ2Svfi7TpEc3YAYZ	1769186545	3GVLuBc4wXJoSH6ozjrjN6WL2zHb1e5KjURyr87uinstVzuxGLZecWbxkse16pnAGcLhE2nGfyXbcvqAoAUnMMAS	1
4NtyFqqRzvHWsTmJZoT26H9xtL7asWGTxpcpCxiKax9a	24h	sell	1769640332	104725235464	41	4D7a52ZYAGC7evUJRwWFTah3HgmHVfXAsMfV5sF53aQj4LQ8cVFDhHXcyU17KbTiXUYCoHQHBxnFFmNqGE9eSFmS	1769186961	3YijP2a83yXZN62AB44oN1CzgmyiRPqjT9ZEpuB252aMPFyTVvMzXPDwCdawT2gTCknQAuKKiDQteiRbDP4427eW	1
4NtyFqqRzvHWsTmJZoT26H9xtL7asWGTxpcpCxiKax9a	7d	buy	1769721847	528876483180	148	y5RceoZWwVLzGcXY46PCFhyscA7rE8kMgRF8jQmvcpMtBBKBkZbYbABv25ZVeoKY1xrD56obrMDvN3zLtUP3aMC	1769292247	JzcMypV7rGwWy9wkgPajTR4SWztMyq77AXHoNbuLDAzGtbzmqnRKJcrdzxTw4WYpAUKeP42pL21VdfxT2AijMAv	1
4NtyFqqRzvHWsTmJZoT26H9xtL7asWGTxpcpCxiKax9a	7d	sell	1769640332	519715689974	176	4D7a52ZYAGC7evUJRwWFTah3HgmHVfXAsMfV5sF53aQj4LQ8cVFDhHXcyU17KbTiXUYCoHQHBxnFFmNqGE9eSFmS	1769292424	ZS4wXGRVjR9iNtQZa87JfKfbM2ie41srh3mAuCSW9M3RnBmn3KmZ73qb14Fhzo9WgW35E7qJib7sEeB5wDycKM3	1
4NtyFqqRzvHWsTmJZoT26H9xtL7asWGTxpcpCxiKax9a	lifetime	buy	1769471405	10028079080	1	xHG6wf5F6QZvB55hCrr7Vi2bHytry89y4KkWKf1zKUWuhfUUpqQYSRVEwgffQkDPApvn4WPsSiVyhj5fhgdMqj6	1769182980	3u3CnMewWMq4stmaKQksS2hTY8tm74HakyLCaVNn8kt15NKUtvQ6g2Xn2HpRGMfQAGkumxdqVrwowcCnbxHn1C57	1
4NtyFqqRzvHWsTmJZoT26H9xtL7asWGTxpcpCxiKax9a	lifetime	sell	1769234535	21591311106	1	2Qdf62Je7BwV78fjHkJs5tiXxKcaY4BBGaxstLpWWdHMDRWjBHJAN7px7RZsS9Je8515JyWq2kx66gAAEQiWYrGz	1769195349	5dFkKuadnhtobvGZPyr23X9QtRaRpT5T4C3e1P31YgjcGHBFcZgmTGySiTQRHDBPqbSkH4sbNF7wmw8fag1Cd8oJ	1
4SbDMrX8Zfj7qZtRKTBSQEavPkc7BP1kiJfT2f3dn8RL	24h	buy	1769698105	54527625414	40	2PKteFoa8Q6TjMErNmSSZCJdoDUY3DfgE5gTEHQ3dD2haQ5oZTyeHuH63Lr3WHu61iANeKt9Y1nzS3bE7NeRS7Qo	1769357836	4CGM93m3DgACzh5ZJxf7n2T7Xnb8HCYuoyq1yF8Wq8j4GchuiYsp8KYowVR4guuZxWqXUgKn1caLwwgR7TbuCRqL	1
4SbDMrX8Zfj7qZtRKTBSQEavPkc7BP1kiJfT2f3dn8RL	24h	sell	1769728552	52438914886	39	ebFmwgpNfGWR3eUkeET2izPDPDMhqwi14S9q1CrUj4mZGfK1h4W63JVTqYdDMyPyqTHR3996oJV9oPmu41Tp2d1	1769347258	45UzjonfZC9dUqg5cJUSY5M8uPB8UKUN9guAZ51giEbCgVaZqHw26G77wwzwnddAnyMiEKW8j8cYuTWFNZoSfnkz	1
4SbDMrX8Zfj7qZtRKTBSQEavPkc7BP1kiJfT2f3dn8RL	7d	buy	1769728409	292960822407	331	doKxveJsBAYCJRnS3emBCDhzQgFmyEijoTEqpi8U94EeBCMQpPHwY8xaHt1WG3WDKRiwqzo28Z6QfXgjbW19Udu	1769606214	3ncNQp8zSgrNHHoaXLWfbc3atypQuv9BB5KC35zFethnWC8ic49mdJpfu3ZMBNftArANkx9nU9xz9gAkGPjYmYtJ	1
4SbDMrX8Zfj7qZtRKTBSQEavPkc7BP1kiJfT2f3dn8RL	7d	sell	1769728552	366423052419	347	ebFmwgpNfGWR3eUkeET2izPDPDMhqwi14S9q1CrUj4mZGfK1h4W63JVTqYdDMyPyqTHR3996oJV9oPmu41Tp2d1	1769468849	5sP6p6vHMAGmRK4oaENYjgEbYnFpyYTLrDz9wUk3KB2uFQU5W27i9LqY4PhitN9BYJHPc1u6hMaLD2fKszqofG9G	1
4SbDMrX8Zfj7qZtRKTBSQEavPkc7BP1kiJfT2f3dn8RL	lifetime	buy	1769684124	10004044280	1	53K8eSppUZLRkWuSU5iVumq9Vw7H9kxwgpyV7PmqfFPJmeDGBbVdgVJacDWEdMkCjtco78nvAFCEdpQRmSAwgypg	1769684124	53K8eSppUZLRkWuSU5iVumq9Vw7H9kxwgpyV7PmqfFPJmeDGBbVdgVJacDWEdMkCjtco78nvAFCEdpQRmSAwgypg	1
4TS24wgLBMucbZt7zqhM3KakXwdNTT2ECxDXEpsn5AhZ	24h	buy	1769734356	52028646865	30	3BbCBzLsY1fNfZNQJznGwzntEvZDVEdeVLkxgm5XAXFVV5i7JGpxUboH1cnpmiB9zHma1KU1AVE1xAhLhdVbjna4	1769529470	5fMvWypTKkL3PzuWNdoeXvWjytYeJujN8opgVsCXLxtXE4hCW5JJtuJLyjgY1Vq3aB2UauMPrfLheCZ1rCGo2Q1c	1
4TS24wgLBMucbZt7zqhM3KakXwdNTT2ECxDXEpsn5AhZ	24h	sell	1769732451	63212821957	35	55YTASZEYWLxNo1pPGgvXD8p9P849mrj5gH2pSK39dNgRFGmh3ZcVnMWvxtbtdn4wxRj7ca2dQVHCHnyLWsH2HRw	1769527871	55HWQb2Tccx56cqqgFf2uumZdbZwXeRLBLLqGvi4oy9bbboTReuuv6ANmHKsQeCaKLDfTUP9y1ZNtacctgCCvymR	1
4TS24wgLBMucbZt7zqhM3KakXwdNTT2ECxDXEpsn5AhZ	7d	sell	1769732451	211992322216	123	55YTASZEYWLxNo1pPGgvXD8p9P849mrj5gH2pSK39dNgRFGmh3ZcVnMWvxtbtdn4wxRj7ca2dQVHCHnyLWsH2HRw	1769729292	4rCUfGtxwAJKXRGtkakraorKXh65ZgPU4WgVVdPCLuaDNGk7Pin5qseRWQsgFZzB3UFoyprCfvE5GktJtYSqk8if	1
4WPTQA7BB4iRdrPhgNpJihGcxKh8T43gLjMn5PbEVfQw	lifetime	buy	1769565094	15000708167	1	4MCctvs1sfoSx1iotw3KSe3UZnuQ49gw8YPaYtRihBr2rzoZtzRxjEHYE35nhpWWJuDq1qydX1zBCzZURgCYLzR6	1769565042	4GVfyTxQEUzaWwi2PoQX8JzxCo6bNzuCX97rdkP9kRXLgXJetEj1k6cdASdQUM7u3jDVQ1mPUgsH6Z4F2qCubLsJ	1
4WPTQA7BB4iRdrPhgNpJihGcxKh8T43gLjMn5PbEVfQw	lifetime	sell	1769653661	22188446381	1	2Dif1yk8x6vyx1km8p6M3Uyeio6TFZhyEPdZswF7YBhYw66SQsUTShdxJSiM3k4BADpUNYCBCLJpPXpQCGcPWQ4H	1769653639	bk2m4FFrwvwFoWRRWxPjtokFWUKRkbhLHe3KNzRqHLKwQVyesFBJGBcRPR9K8TDDSVxSrLPW1afKLAxMEWeDiSG	1
4YzpSZpxDdjNf3unjkCtdWEsz2FL5mok7e5XQaDNqry8	24h	buy	1769739606	122933032563	63	2K1dqpfyYvvqgjLUPogkw5mGtpyT6VLupahR6WaWgAKiC4Fr5ToaWjJM7WSpNabeQKw5TfWPeNcvJDxB213rja5R	1769263687	AjdAiefAfZ3NMVnWbashXyRaFsMWfNstYQXfAthPoKLADfb1zPkdKKfUWhbPSgYr8CVm7KvaAviWqHVkeLYns7F	1
4YzpSZpxDdjNf3unjkCtdWEsz2FL5mok7e5XQaDNqry8	24h	sell	1769740599	132593829228	48	4Dp6ZDgXtTF6f2zj1g9ScmFeQbAfbGjYgAsN54YLp1MFpPkusE2yrCUbDTxeAftu7giiUgsPBVi1o4aPdBYj1xHg	1769256907	59AWYUVGQ4AZLEnkTw5LxbmwWrM9BSHJHkoMfnw8wHrji6BugVQ2pW6MJwdCoXdeuZK27DJEGUvDQeBy4So8FhZ2	1
4YzpSZpxDdjNf3unjkCtdWEsz2FL5mok7e5XQaDNqry8	7d	buy	1769739606	1246239454540	656	2K1dqpfyYvvqgjLUPogkw5mGtpyT6VLupahR6WaWgAKiC4Fr5ToaWjJM7WSpNabeQKw5TfWPeNcvJDxB213rja5R	1769331211	QianGiDGvLTosV3VJEYPEs7zShkTuJ7oPrJT36ySwVauEgJgmG2fwoa1FNGGxhdsvExzrNz6LzNuMku419SJHY3	1
4YzpSZpxDdjNf3unjkCtdWEsz2FL5mok7e5XQaDNqry8	7d	sell	1769740599	1405156880304	562	4Dp6ZDgXtTF6f2zj1g9ScmFeQbAfbGjYgAsN54YLp1MFpPkusE2yrCUbDTxeAftu7giiUgsPBVi1o4aPdBYj1xHg	1769329042	42aJqwvehtUzAxJQ26y72ui1ii7eH55KRvYbrLcZN25h3UKaFUWq8nRpQEDArib3zpUBUAbnaHPussWFEH7hFy1z	1
4YzpSZpxDdjNf3unjkCtdWEsz2FL5mok7e5XQaDNqry8	lifetime	sell	1769614552	19767426694	1	2Jvok97ihYw6KoMpQUZvTr849siHjftd4j5mUcGtN3mXTYQ68yvPAfKc6FunYvw4HXnGwuhvQrnSE1KmvcZk5YU5	1769345674	3eHJhTWwG4m24HEpMx2QmUH7s3NSdhp77DGSQ1nisRi3Lod2f3uD1JjB5UJtPUPPudejgYKNPDiHTvX1YtuX61Cg	1
4cXnf2z85UiZ5cyKsPMEULq1yufAtpkatmX4j4DBZqj2	24h	buy	1769740656	228303634814	82	3KxPsmN5ASv2NftTTDEVYTDsYFT6juzGY2sGN3cGmsVjFFhoLBUyBD3N2xj4XTWCxFDmECB7iWjh7bN5RTgCqDdR	1769171013	38tbU5k3hWncQivpN9rPm3wyHhrBZcxvvLgw2M6jqeMrgwzgYaMhWVMLpCRT5F3Vr1VyuczkRkotuCeNDKouM12j	1
4cXnf2z85UiZ5cyKsPMEULq1yufAtpkatmX4j4DBZqj2	24h	sell	1769740740	194457156245	53	5Pwd9SHWzX3UGDXg5dxHsh3JjJ9Ht3QnHWyWZYZVrVRLSpm1icYWFu26ezXNq6NFSKrxvDErvzZzg6cuuv9GVCkg	1769175739	4FXiuPw6FCJYWkyuGTrLKS4pDSeUgTotr9cgC8pmXUcuFasu1aZBRvLqAuujJLb2QGwPFmd4nNqvEMeKAjRE89qd	1
4cXnf2z85UiZ5cyKsPMEULq1yufAtpkatmX4j4DBZqj2	7d	buy	1769740656	2215078306971	719	3KxPsmN5ASv2NftTTDEVYTDsYFT6juzGY2sGN3cGmsVjFFhoLBUyBD3N2xj4XTWCxFDmECB7iWjh7bN5RTgCqDdR	1769190091	2YE9qrKKBn4daHEznYTY3C2HkLX9Dod6nfiyEFaADJN79FHXsmqFgNHx1pBNMejAXURFJizSEcz55qxXaGLqSz9j	1
4cXnf2z85UiZ5cyKsPMEULq1yufAtpkatmX4j4DBZqj2	7d	sell	1769740740	2088797849909	560	5Pwd9SHWzX3UGDXg5dxHsh3JjJ9Ht3QnHWyWZYZVrVRLSpm1icYWFu26ezXNq6NFSKrxvDErvzZzg6cuuv9GVCkg	1769194307	28Vu4NL1CZ4taE41LQwWGs63WcHFT394hKsc3XWZ4v8KQFcZUjRxSYuYtZcNwd7SUHxY2v9SJ3Ko1UQk5TVCWfsW	1
4cXnf2z85UiZ5cyKsPMEULq1yufAtpkatmX4j4DBZqj2	lifetime	buy	1769734055	10097343454	1	4aVVhe6mJjAP8syjVkffr19a28xtqw91YjvPN4wzcB9pjtaUpnfBy9j4QuPR1wpi2KbDVWKd4j1oX6mnthRxurzk	1769158778	66JJ8BASP9LUz9eSyfnhHR7uMzgk25QwmTUwEun6vo4LtNP3eNZPvs2NCFBRK7RpfLfSsLHR3WPdTWRVoDZvT74U	1
4cXnf2z85UiZ5cyKsPMEULq1yufAtpkatmX4j4DBZqj2	lifetime	sell	1769737883	21897303762	1	2sRjJpo2TvKU1tzzJoHHPJgTLMGZ6XFihcf4bMpUMGnCPSidy4QLfwEBvDCB9oh8b7u5hAkNieT5TKCUB8JVrukk	1769164452	3U6JUXikzHEaHMjiV9VPaUaX6m3K2TUdiqFQJKzTAKjTf9vXu3cgAm1rPjx8ZSHdE6jPqDUmqYoELqVLkBou14eu	1
4fZFcK8ms3bFMpo1ACzEUz8bH741fQW4zhAMGd5yZMHu	24h	buy	1769455000	74170901785	16	4KdgM2966gpziGDAZWYBP4nu85VsPoR7qqRm4EWhPRxTbeJjBD1vzPsMp3khpvGXq4trz6TAYAN2GMY688J2oAab	1769377091	wL4p1Xg1Ay5NVhi4nbaKmm8KNm8RtKNVqJFWiBPAZLfvqHBBZ6JQ8kqPDoSko1dGx8LbXb1MexPMyUPDCLoQMhC	1
4fZFcK8ms3bFMpo1ACzEUz8bH741fQW4zhAMGd5yZMHu	24h	sell	1769633780	56113480076	11	TTJWLe5s5W5NrqyAfmjJDcWvt129oJcfs8zwzBRqCSCZ6JpDyoLaFqHi9uYPiQMPQFGzyzu6zyC6ByG36VR8ZAm	1769377106	Lgm4rAWZY7r3rHFXH1KUmKWvF5QjDiK8t1npYi6GMqKaQhhmgXaBrWPPE1eWRFRhBXYzpKNvq1DFeXnFEZJ17Su	1
4fZFcK8ms3bFMpo1ACzEUz8bH741fQW4zhAMGd5yZMHu	7d	sell	1769633780	248921347584	61	TTJWLe5s5W5NrqyAfmjJDcWvt129oJcfs8zwzBRqCSCZ6JpDyoLaFqHi9uYPiQMPQFGzyzu6zyC6ByG36VR8ZAm	1769633749	41aGtBPpJrFfWppY2DWz2bCcFgumZksAQ1HYH29x9xyf1K1b2i78ZqsjqGb9HvQ1DywECKpPcodu6kr1Uv4YYpgp	1
4fZFcK8ms3bFMpo1ACzEUz8bH741fQW4zhAMGd5yZMHu	lifetime	buy	1769633746	30011038633	1	4Fem2y5naa3Y7Y9WKTeunnoqrvwFi87pM3T3w4DQgbEZNeUaVwKUm8o6p9vEU1XHtSq2eMq2YyVkSUfTkom2Wzui	1769377091	wL4p1Xg1Ay5NVhi4nbaKmm8KNm8RtKNVqJFWiBPAZLfvqHBBZ6JQ8kqPDoSko1dGx8LbXb1MexPMyUPDCLoQMhC	1
4fZFcK8ms3bFMpo1ACzEUz8bH741fQW4zhAMGd5yZMHu	lifetime	sell	1769633778	16703811506	1	4BCDtuthbqnzyDxW7ZW8f9kdigU9yg6VAq6e1BFDXC8yZcBGijBFWPGyDry926SCi5XRgHZ3ZM4du7biJa1eTbAN	1769377106	Lgm4rAWZY7r3rHFXH1KUmKWvF5QjDiK8t1npYi6GMqKaQhhmgXaBrWPPE1eWRFRhBXYzpKNvq1DFeXnFEZJ17Su	1
4hSXPtxZgXFpo6Vxq9yqxNjcBoqWN3VoaPJWonUtupzD	24h	buy	1769738004	54651217867	12	jWYqm6M7a97MuvYBVEzZ9z6Hz5ta9DCiVvv884qwkQcdX5tj7YeBJjYNHYx1i7faHzGsKP6dmJgW1gyf9TLjYxs	1769418540	4ecAUnqRDphbbCcs4ag6zSQV6esMzPsR7gJZr9JPGiPzznZ8eCAtfgHU3ZstpPwwWqREquNJKKPiz2x8GPbvK2oY	1
4hSXPtxZgXFpo6Vxq9yqxNjcBoqWN3VoaPJWonUtupzD	24h	sell	1769738019	110775763357	10	45u5o8nvVDKgcrWwVGJi18SSjSHBjL77RPSjzQ2KkPX3KWumg4QkxBm5C5mZg7zDx25QTrvsx5qaBQ7vK2Es9eTm	1769491544	4Rs6itu9w5AhPhExMaEdTU7FfTgUMT5usH9ifXfzUohMFZb5753SNdoN9CpaNRiZDrExxHAgMbJrm6zpv9jiSLKJ	1
4hSXPtxZgXFpo6Vxq9yqxNjcBoqWN3VoaPJWonUtupzD	7d	buy	1769738004	563321799535	67	jWYqm6M7a97MuvYBVEzZ9z6Hz5ta9DCiVvv884qwkQcdX5tj7YeBJjYNHYx1i7faHzGsKP6dmJgW1gyf9TLjYxs	1769493781	kE5E8vqZeA7234tXKHrSVEywLeh1SEQujG1huoL1EALAF7Q3uYurMsSXxxpBvBhiF1vfCvP4Urq6ksbLzP1pwMK	1
4hSXPtxZgXFpo6Vxq9yqxNjcBoqWN3VoaPJWonUtupzD	7d	sell	1769738019	514096354429	56	45u5o8nvVDKgcrWwVGJi18SSjSHBjL77RPSjzQ2KkPX3KWumg4QkxBm5C5mZg7zDx25QTrvsx5qaBQ7vK2Es9eTm	1769500713	24ykhDCb3hDGotnphQLFUGm5W68jEfEAijSA8o2wfLJijjhpe82CQTzcJMPcYECFxzoRsEEExp1MUreDRVS99x56	1
4hSXPtxZgXFpo6Vxq9yqxNjcBoqWN3VoaPJWonUtupzD	lifetime	buy	1769729207	25032776345	1	3uHAwyNE1rgtH2JDzks7mi5t3nmx6xY78uyrjc74JKMJf3UrWJWowwWkVQ8GMhBfE9iPQFwRt2KvxeYpif7n1qMh	1769217939	4JdvkkgS93gSHApBtdZ63KFeXbTUDtH2oTz6eDxXVfk3Ju5JHRY85tmB3ZBNgNLJBLTojcfGCQ41PDUpnXN6yEgk	1
4hSXPtxZgXFpo6Vxq9yqxNjcBoqWN3VoaPJWonUtupzD	lifetime	sell	1769737149	19949356541	1	4bwqKhjeWZreKbSS5zvg8LUxu7hGRuziXxDE6AVvw7Kdb4YCn88ge63JU5aAXKdy1DLMuAnb3XS9KyCBKzc2VzeG	1769232582	4V7QUqcxktQxVLWPfS3EyLZLVVHFftQ9YF8aCwP9tyjeHgRTdkTu1q9dmiUM2dNsMSaTy2U4nmXtUKBikLR83wBj	1
4nvNc7dDEqKKLM4Sr9Kgk3t1of6f8G66kT64VoC95LYh	24h	buy	1769737712	220963762277	214	22wc2MbiLMzZXygGjjMxT9YMY9PbVibuipcuQuqX3MuLqtSjh3er4KHDHu4RS5RJAmKY8BxezXhVSGgQzmAiSYgw	1769200139	54tibAC7veUKex8Mg2BfNPUy3cCqqtSVMk3gqbq4P9wyRZqUqjNu6ze1JMcocWw77DU7KoW7ANbisLAazVhBC9v9	1
4nvNc7dDEqKKLM4Sr9Kgk3t1of6f8G66kT64VoC95LYh	24h	sell	1769737761	217984203173	115	5M9RAys3QVTYuZiqKU3TwCspsKc6SYZAMN4yRxz6rkm7cCz9YXcBDU4SxUGeAHVVuLWpPB43kgLJA4At93tHX2X9	1769206079	4d8oeLXuSRbGDn3BpuWaTz9zfB6mKa5guJsCLUp3F6yyAKpBy9QRyJixoefioEFqgzjFrkC2JubFmPwjKG7kHkdb	1
4nvNc7dDEqKKLM4Sr9Kgk3t1of6f8G66kT64VoC95LYh	7d	buy	1769737712	1742890637066	1402	22wc2MbiLMzZXygGjjMxT9YMY9PbVibuipcuQuqX3MuLqtSjh3er4KHDHu4RS5RJAmKY8BxezXhVSGgQzmAiSYgw	1769260146	3FnV2o3dAq6hjDCwDy9cMd8LDJ4AXWTKyTxiURrxBDA857ySfUKFhiUJY5vmL5tRpgabmmXX9d9GRZASwx5o2k8e	1
4nvNc7dDEqKKLM4Sr9Kgk3t1of6f8G66kT64VoC95LYh	7d	sell	1769737761	1694663876175	814	5M9RAys3QVTYuZiqKU3TwCspsKc6SYZAMN4yRxz6rkm7cCz9YXcBDU4SxUGeAHVVuLWpPB43kgLJA4At93tHX2X9	1769214996	2Hiex5WnUs3CoC5i3SU5weu1XPB3RAcH84bAWtmGtYjXYZQoBC6eBQk3YBgGZfZwTrFoSUA5HXgfw3RcUTYxjkCR	1
4nvNc7dDEqKKLM4Sr9Kgk3t1of6f8G66kT64VoC95LYh	lifetime	buy	1769638384	10037079080	1	22ya7aMgpGf4PN939cB2Rt7WqxrAofDei2VzoazrJkgW6XoXXvaJC724SAfnMF4CsNkZ52xYRxyiZJsdwT5TGzmH	1769194302	2upbeEfKNqMo5itNX2a6ZjWmpXoFQTCczpdU3rPT49UKdNUEwd2ZUFFQn5xsJSmLbgr6fvJpevLeWPK5kXrrdNMv	1
4nvNc7dDEqKKLM4Sr9Kgk3t1of6f8G66kT64VoC95LYh	lifetime	sell	1769453132	10566906270	1	65ojuodVg5PEGEoSfiqrTf8nmV35gsfcoLBzwKvDX2G9EfuNYaWNHkL1jBWRBvMjxos4kivf9EMwa1tUJhR4UxiK	1769209729	7siwn9FA5aJt7jA54UFaV67awRF1WpfRi5DMnGhauUSGSVQwPLkKmKGJQVA5wWVEENf92cDK5dX8AVrLHjwJQ11	1
4s2WzRLa35FB58bZY1i4CN3WoywJeuYrGYHnTKFsT23z	lifetime	buy	1769268576	21971972779	1	2oswWVVT6dMbCyGmjosJQ5rUVz1qr9SDHs9HGcectHj2NCUZe9UcKUXDAm6W2fKfrFQwBsJgp7S2Fmg7MM8TWEWR	1769268576	2oswWVVT6dMbCyGmjosJQ5rUVz1qr9SDHs9HGcectHj2NCUZe9UcKUXDAm6W2fKfrFQwBsJgp7S2Fmg7MM8TWEWR	1
4s2WzRLa35FB58bZY1i4CN3WoywJeuYrGYHnTKFsT23z	lifetime	sell	1769268547	23612820368	1	5xqJ6digPmU6zUzWKcSn9kurToo4tQ6JVSvpfSQVSPHds9cNZoCQVFkYCxREbsiajFJVBgL2r2RVjJq3zXuf82kg	1769268547	5xqJ6digPmU6zUzWKcSn9kurToo4tQ6JVSvpfSQVSPHds9cNZoCQVFkYCxREbsiajFJVBgL2r2RVjJq3zXuf82kg	1
4sAUSQFdvWRBxR8UoLBYbw8CcXuwXWxnN8pXa4mtm5nU	24h	buy	1769720852	624461779581	242	3K8MVderRwBVB4M6hhyNvi7WwfsaEdt1dktUe81ZfJmd9GZ5fvx3LdbUvdBUWDjz4u55CsV8KLiYbvEhJFW42jMZ	1769160122	4uHonDTxKerYvPcNf9fZjjD3rS7XUBWBmjD6CCgQMbowrvjvwHWFh2vtf4oXHNYhgAXNg8RcPJW3f6CPEeCdeJJY	1
4sAUSQFdvWRBxR8UoLBYbw8CcXuwXWxnN8pXa4mtm5nU	24h	sell	1769720607	929229334343	181	xxY28UdcjUzKL5j8wqtgPCZJ9S2897bxovfUmGfCCF3UAPbZQuLNfvjAk33TaFQDevN5UkZW6JGgCcCeQDmNVwP	1769160304	67N9yBaciJkc4Z3sfBSpSW5vh3djmHCbZQp1if6kqwP7kYRmMJXztzTtyFQyLXzk1aFmU4uJgnq3eoW9q2bczUtL	1
4sAUSQFdvWRBxR8UoLBYbw8CcXuwXWxnN8pXa4mtm5nU	7d	buy	1769720852	3335639662535	1908	3K8MVderRwBVB4M6hhyNvi7WwfsaEdt1dktUe81ZfJmd9GZ5fvx3LdbUvdBUWDjz4u55CsV8KLiYbvEhJFW42jMZ	1769238380	4heDZyDdbL1wh1u6p1XcrY5CskTn3q8FWTbCcBMFYdz3HxZ1FvqbBbvebB2Q1dEVibGQEKbQEdLd1pAVvbCjy1yW	1
