wallet	window	event_time	event_type	sol_amount_lamports	supporting_flow_count	flow_ref	created_at
215nhcAHjQQGgwpQSJQ7zR26etbjjtVdW74NLzwEgQjP	lifetime	1769139807	WHALE_TX_BUY	10132079080	1	3VhMs6hNRS3GsGSqziLZBZ9bfSJTM3kRAuDiUjwoixPQF9dbmwdjvSACbbLQ2Yge2oK3suqFrqUXP39PHq66gapr	1769139807
215nhcAHjQQGgwpQSJQ7zR26etbjjtVdW74NLzwEgQjP	lifetime	1769142876	WHALE_TX_BUY	10113079080	1	3NVEB8zPpvT498cMoXX7dAffc42o5xUYdMwkuHHysqztSzXPammpMSci6qjRPE71rFh5M7D74iucXEpoSYeeZQPW	1769142876
215nhcAHjQQGgwpQSJQ7zR26etbjjtVdW74NLzwEgQjP	lifetime	1769144125	WHALE_TX_SELL	10373654317	1	33XWs8RrU93QnVHkQRgwBcRWcYPxutwTD1zTH7RYNUDFcTr7ZuyHDb93gxBnjv1RQ9MEU6KA5y15SuSP5LTwAY54	1769144125
215nhcAHjQQGgwpQSJQ7zR26etbjjtVdW74NLzwEgQjP	lifetime	1769185164	WHALE_TX_BUY	16232267194	1	4MbdiovZZg9K7wM3adatXyUtGu3GnpPuWU1pxNZNL5ebegUMJoWsjJRQqZ2VhhdpxWAgrn52bDmj17Nbsy7LSgS3	1769185164
215nhcAHjQQGgwpQSJQ7zR26etbjjtVdW74NLzwEgQjP	lifetime	1769186287	WHALE_TX_BUY	10132079080	1	32gBGHgJQvr5qFHxxLVKTtPGDCou8STxPbzJX6B1wxMKhwYoWfPjcKU8pBFGire5J9ywqFKVVfVwrcM1NpfC6AwB	1769186287
215nhcAHjQQGgwpQSJQ7zR26etbjjtVdW74NLzwEgQjP	24h	1769186925	WHALE_CUM_24H_BUY	52712553714	6	29fmFLLH57uXBa8VdJCx3A4dJeyz1RS4TdsQYgAFv57nXAkTVoDiuMJgncyBBpnAmhTSvpUfdaWjzF3WJGe5n5fr	1769186925
215nhcAHjQQGgwpQSJQ7zR26etbjjtVdW74NLzwEgQjP	24h	1769187007	WHALE_CUM_24H_BUY	57773558714	7	3WYyhqpdGhPVVovWPpBmHK5dHgQGaWjaHfMd4FFRseRRU6hpzMNqSJCqYtrwUknzMokao525VorkhHQcvJ5bRUvY	1769187007
215nhcAHjQQGgwpQSJQ7zR26etbjjtVdW74NLzwEgQjP	24h	1769187680	WHALE_CUM_24H_BUY	59804563714	8	3XRixrV2v2RHLPo9mEymjBvYubXiftNYPpzxwm4PsEfCdpgi7urDgQvuYEKgT8LfM3xLpCXHYvouLkrJXaYEMpXM	1769187680
215nhcAHjQQGgwpQSJQ7zR26etbjjtVdW74NLzwEgQjP	lifetime	1769188577	WHALE_TX_BUY	84870005000	1	34TNjhz9gbyWHHqHSbvsZgvPNY5QrzER64rAZaKa6CTzKmh3qP1gLy5GvsvxBB8xRpvG6ZqrwCKz33o6yyFY4DKV	1769188577
215nhcAHjQQGgwpQSJQ7zR26etbjjtVdW74NLzwEgQjP	24h	1769188577	WHALE_CUM_24H_BUY	144674568714	9	34TNjhz9gbyWHHqHSbvsZgvPNY5QrzER64rAZaKa6CTzKmh3qP1gLy5GvsvxBB8xRpvG6ZqrwCKz33o6yyFY4DKV	1769188577
215nhcAHjQQGgwpQSJQ7zR26etbjjtVdW74NLzwEgQjP	24h	1769188630	WHALE_CUM_24H_BUY	144674573714	10	5Ay2MPdxomjqQ8anirvkXspopQUmYQp5GzmPG3f5FKeybGcCspcfPGTdCpcfYkajeUAVMwCA9p4r8J1LBU932NY4	1769188630
215nhcAHjQQGgwpQSJQ7zR26etbjjtVdW74NLzwEgQjP	24h	1769189660	WHALE_CUM_24H_BUY	146726617994	11	4zqKBofnJCnFz4rinzfJX93tm8uzugT9QoRJUcw3e9NrUsmtBeCdGeVvrGFHQx64yXrMP85gdm8Scedqw4YDBzaM	1769189660
215nhcAHjQQGgwpQSJQ7zR26etbjjtVdW74NLzwEgQjP	lifetime	1769195282	WHALE_TX_BUY	20005170982	1	5SEomN7YGoUWFS3BmMWjBdbTxMBFRc3cecW2BaJaDpUBB5QiYgKdnDcHVkgDf3QgdsJNvSrLZ6AZ5sF2PuLDhPvJ	1769195282
215nhcAHjQQGgwpQSJQ7zR26etbjjtVdW74NLzwEgQjP	24h	1769195282	WHALE_CUM_24H_BUY	166731788976	12	5SEomN7YGoUWFS3BmMWjBdbTxMBFRc3cecW2BaJaDpUBB5QiYgKdnDcHVkgDf3QgdsJNvSrLZ6AZ5sF2PuLDhPvJ	1769195282
215nhcAHjQQGgwpQSJQ7zR26etbjjtVdW74NLzwEgQjP	24h	1769195297	WHALE_CUM_24H_BUY	166744833256	13	3d5GLb9RZYC6w5iNvpZVUjQv7aQziskUGntZSEToxn5t7gMKNbUAbAiy1gE9Gp3RYQ4bGvh4tPEdnyjwEyKhU78W	1769195297
215nhcAHjQQGgwpQSJQ7zR26etbjjtVdW74NLzwEgQjP	24h	1769195299	WHALE_CUM_24H_BUY	166774838256	14	3dQ1TbFJbZJfxJouEerxrmXUMaPHh7qb4jGhCLKUob6gbVoryoBpew86NXqSseshVTcnfeWeBc63UMbTp9yXGzB3	1769195299
215nhcAHjQQGgwpQSJQ7zR26etbjjtVdW74NLzwEgQjP	24h	1769195301	WHALE_CUM_24H_BUY	166804843256	15	XL4FUGyKe4szzbgSMPN94sfiQaqUko9kPRSP5jzxoWrcn3uTXHfew3UJPqrnFxiYWLFtPR7E4Q3Gh9QnXDKsagT	1769195301
215nhcAHjQQGgwpQSJQ7zR26etbjjtVdW74NLzwEgQjP	24h	1769195316	WHALE_CUM_24H_BUY	166834848256	16	4N6bQK52nmbRL1tT2fJ9m91Jx1T4nLaaJSSxAAvJPurb2T5oyj7WBejjN2Ncz3htm5ajYKjMqnrm2RUwM5DKeQsB	1769195316
215nhcAHjQQGgwpQSJQ7zR26etbjjtVdW74NLzwEgQjP	24h	1769195348	WHALE_CUM_24H_BUY	166864853256	17	5Cb1ekDnpE5SUM228xHTypZotGgLAKD3cQZ8EdF5EVTcQGzTw4gjTaYLCg8j3nW5Y4iR5nXyguqea4KeW69WFhp3	1769195348
215nhcAHjQQGgwpQSJQ7zR26etbjjtVdW74NLzwEgQjP	lifetime	1769196373	WHALE_TX_BUY	21223044280	1	2a2aofF5obuLyYrxCD1mGrVuGfTirbQ8U93m1ABy27rPD3wQUgwgbs9XBbRRkfGpbF6gPDT491orE5ZUW169xRky	1769196373
215nhcAHjQQGgwpQSJQ7zR26etbjjtVdW74NLzwEgQjP	24h	1769196373	WHALE_CUM_24H_BUY	188087897536	18	2a2aofF5obuLyYrxCD1mGrVuGfTirbQ8U93m1ABy27rPD3wQUgwgbs9XBbRRkfGpbF6gPDT491orE5ZUW169xRky	1769196373
215nhcAHjQQGgwpQSJQ7zR26etbjjtVdW74NLzwEgQjP	24h	1769197171	WHALE_CUM_24H_BUY	190139629316	19	XxYcwdyJ7LPwy8z17JY4LsSTjXemnqTNeYnUYGnhedsao4kpBwMx8U3ib1xop87wTUju53q42jGEM9xJKGytAXR	1769197171
215nhcAHjQQGgwpQSJQ7zR26etbjjtVdW74NLzwEgQjP	lifetime	1769197179	WHALE_TX_SELL	11463983952	1	4emybRWgQE5bH3SBCVjj7uu7foTkKaB8qNGTUDrU5b2oFXhH4Lcq4hvZFie4XwYMRn1v1tMbXMp2anogAG2ogAU	1769197179
215nhcAHjQQGgwpQSJQ7zR26etbjjtVdW74NLzwEgQjP	24h	1769197179	WHALE_CUM_24H_SELL	60425324315	13	4emybRWgQE5bH3SBCVjj7uu7foTkKaB8qNGTUDrU5b2oFXhH4Lcq4hvZFie4XwYMRn1v1tMbXMp2anogAG2ogAU	1769197179
215nhcAHjQQGgwpQSJQ7zR26etbjjtVdW74NLzwEgQjP	lifetime	1769197196	WHALE_TX_BUY	10130005000	1	2fKuEkkuMmxYn7munggg3YGFyotuLXRMvzDgDTcLo4msJ7VVe95wzfaLAD8z6czw7Hnv856XduvWzs4bf5iCKQ3r	1769197196
215nhcAHjQQGgwpQSJQ7zR26etbjjtVdW74NLzwEgQjP	24h	1769197196	WHALE_CUM_24H_BUY	200269634316	20	2fKuEkkuMmxYn7munggg3YGFyotuLXRMvzDgDTcLo4msJ7VVe95wzfaLAD8z6czw7Hnv856XduvWzs4bf5iCKQ3r	1769197196
215nhcAHjQQGgwpQSJQ7zR26etbjjtVdW74NLzwEgQjP	7d	1769197196	WHALE_CUM_7D_BUY	200269634316	20	2fKuEkkuMmxYn7munggg3YGFyotuLXRMvzDgDTcLo4msJ7VVe95wzfaLAD8z6czw7Hnv856XduvWzs4bf5iCKQ3r	1769197196
215nhcAHjQQGgwpQSJQ7zR26etbjjtVdW74NLzwEgQjP	24h	1769197427	WHALE_CUM_24H_SELL	64656763519	14	5igDkXbhDN36jVKK9SMVzfoAaERx4KyKkqH5kZhXF2m5Qxi4dsrSZLdUheyyKtif29Kswqn8VfR6VMTUAj3eSQKy	1769197427
215nhcAHjQQGgwpQSJQ7zR26etbjjtVdW74NLzwEgQjP	lifetime	1769197823	WHALE_TX_BUY	25263044280	1	3jY8ropbxtb3wK5XkVGLuoZHb8RnF9AYXsJMufuiUkXm4CveDEfj2edma1ba2qRnTnyfQNe3hSysJcgQYNEaJnme	1769197823
215nhcAHjQQGgwpQSJQ7zR26etbjjtVdW74NLzwEgQjP	24h	1769197823	WHALE_CUM_24H_BUY	225532678596	21	3jY8ropbxtb3wK5XkVGLuoZHb8RnF9AYXsJMufuiUkXm4CveDEfj2edma1ba2qRnTnyfQNe3hSysJcgQYNEaJnme	1769197823
215nhcAHjQQGgwpQSJQ7zR26etbjjtVdW74NLzwEgQjP	7d	1769197823	WHALE_CUM_7D_BUY	225532678596	21	3jY8ropbxtb3wK5XkVGLuoZHb8RnF9AYXsJMufuiUkXm4CveDEfj2edma1ba2qRnTnyfQNe3hSysJcgQYNEaJnme	1769197823
215nhcAHjQQGgwpQSJQ7zR26etbjjtVdW74NLzwEgQjP	lifetime	1769197826	WHALE_TX_BUY	15180005000	1	3pnLuzLCqb9HJPKXXrqDrT3SR57MKuzWUrjg5TjGn9vL1cTggWveErE6uwV3fNnyTWqTwWNUeHrREQtfp46t5cc2	1769197826
215nhcAHjQQGgwpQSJQ7zR26etbjjtVdW74NLzwEgQjP	24h	1769197826	WHALE_CUM_24H_BUY	240712683596	22	3pnLuzLCqb9HJPKXXrqDrT3SR57MKuzWUrjg5TjGn9vL1cTggWveErE6uwV3fNnyTWqTwWNUeHrREQtfp46t5cc2	1769197826
215nhcAHjQQGgwpQSJQ7zR26etbjjtVdW74NLzwEgQjP	7d	1769197826	WHALE_CUM_7D_BUY	240712683596	22	3pnLuzLCqb9HJPKXXrqDrT3SR57MKuzWUrjg5TjGn9vL1cTggWveErE6uwV3fNnyTWqTwWNUeHrREQtfp46t5cc2	1769197826
215nhcAHjQQGgwpQSJQ7zR26etbjjtVdW74NLzwEgQjP	lifetime	1769197839	WHALE_TX_BUY	10111005000	1	2wuhouTWUrooYDdmjz1ERg4Pzkz6WCNdhKPkHoh8EGa4onrHXQ74mqQYvrBVVPDVDRxn9JNy8T4kCXZVkKtY5jb1	1769197839
215nhcAHjQQGgwpQSJQ7zR26etbjjtVdW74NLzwEgQjP	24h	1769197839	WHALE_CUM_24H_BUY	250823688596	23	2wuhouTWUrooYDdmjz1ERg4Pzkz6WCNdhKPkHoh8EGa4onrHXQ74mqQYvrBVVPDVDRxn9JNy8T4kCXZVkKtY5jb1	1769197839
215nhcAHjQQGgwpQSJQ7zR26etbjjtVdW74NLzwEgQjP	7d	1769197839	WHALE_CUM_7D_BUY	250823688596	23	2wuhouTWUrooYDdmjz1ERg4Pzkz6WCNdhKPkHoh8EGa4onrHXQ74mqQYvrBVVPDVDRxn9JNy8T4kCXZVkKtY5jb1	1769197839
215nhcAHjQQGgwpQSJQ7zR26etbjjtVdW74NLzwEgQjP	lifetime	1769197969	WHALE_TX_SELL	21134180085	1	HwEZY2pqrbYEPPn5o3q6JqY4eho14RSTzmGNaonP5ePG2huMjTaCz15sB83PWkqVKCr1cSPVs9D33KojS938XiF	1769197969
215nhcAHjQQGgwpQSJQ7zR26etbjjtVdW74NLzwEgQjP	24h	1769197969	WHALE_CUM_24H_SELL	85790943604	15	HwEZY2pqrbYEPPn5o3q6JqY4eho14RSTzmGNaonP5ePG2huMjTaCz15sB83PWkqVKCr1cSPVs9D33KojS938XiF	1769197969
215nhcAHjQQGgwpQSJQ7zR26etbjjtVdW74NLzwEgQjP	lifetime	1769197972	WHALE_TX_SELL	18716364491	1	NfDxwZ77eETyiMNax9KMmquZmpKu1AL9VD7xGCyHorMeWq8p3yMAXAywpNarbEoYeqS3EEHEk7EAQcU71QvEMRP	1769197972
215nhcAHjQQGgwpQSJQ7zR26etbjjtVdW74NLzwEgQjP	24h	1769197972	WHALE_CUM_24H_SELL	104507308095	16	NfDxwZ77eETyiMNax9KMmquZmpKu1AL9VD7xGCyHorMeWq8p3yMAXAywpNarbEoYeqS3EEHEk7EAQcU71QvEMRP	1769197972
215nhcAHjQQGgwpQSJQ7zR26etbjjtVdW74NLzwEgQjP	24h	1769197998	WHALE_CUM_24H_BUY	253864693596	24	jMYn7tumqdmbyMAZyTrDwZShnfwYFF5kPmdv2otf4GKo31HcPYRextPH7TQwU2fHAkVizAosmRT418CywWiGksg	1769197998
215nhcAHjQQGgwpQSJQ7zR26etbjjtVdW74NLzwEgQjP	7d	1769197998	WHALE_CUM_7D_BUY	253864693596	24	jMYn7tumqdmbyMAZyTrDwZShnfwYFF5kPmdv2otf4GKo31HcPYRextPH7TQwU2fHAkVizAosmRT418CywWiGksg	1769197998
215nhcAHjQQGgwpQSJQ7zR26etbjjtVdW74NLzwEgQjP	lifetime	1769201433	WHALE_TX_BUY	15182079080	1	5oyXH9zV7AGo6jeHAxxcdYu6oZX3C2Le6s4JmdQ97gWnEzGPuYEF3Rt4HAMn8VGZ1usbdmCyqwdNxuuTwCm6A7FL	1769201433
215nhcAHjQQGgwpQSJQ7zR26etbjjtVdW74NLzwEgQjP	24h	1769201433	WHALE_CUM_24H_BUY	269046772676	25	5oyXH9zV7AGo6jeHAxxcdYu6oZX3C2Le6s4JmdQ97gWnEzGPuYEF3Rt4HAMn8VGZ1usbdmCyqwdNxuuTwCm6A7FL	1769201433
215nhcAHjQQGgwpQSJQ7zR26etbjjtVdW74NLzwEgQjP	7d	1769201433	WHALE_CUM_7D_BUY	269046772676	25	5oyXH9zV7AGo6jeHAxxcdYu6oZX3C2Le6s4JmdQ97gWnEzGPuYEF3Rt4HAMn8VGZ1usbdmCyqwdNxuuTwCm6A7FL	1769201433
215nhcAHjQQGgwpQSJQ7zR26etbjjtVdW74NLzwEgQjP	24h	1769202040	WHALE_CUM_24H_SELL	109316620996	17	48rnUSWLfoM1zKXLWAwHXUSPZHQn5aqmHqcZCniZ8EERst64QvzhRC593Jj5fP1LwfnzFk5KQfoFnCNpZHUVB4nv	1769202040
215nhcAHjQQGgwpQSJQ7zR26etbjjtVdW74NLzwEgQjP	lifetime	1769204263	WHALE_TX_SELL	32258466128	1	rn8M7frX2za9rnEtEYomB5FtdcaJvHioanH7AWFkMwbX1itBFM7awNU1DCET7WkehnND6RwZRrPqRvaMZvW5JvK	1769204263
215nhcAHjQQGgwpQSJQ7zR26etbjjtVdW74NLzwEgQjP	24h	1769204263	WHALE_CUM_24H_SELL	141575087124	18	rn8M7frX2za9rnEtEYomB5FtdcaJvHioanH7AWFkMwbX1itBFM7awNU1DCET7WkehnND6RwZRrPqRvaMZvW5JvK	1769204263
215nhcAHjQQGgwpQSJQ7zR26etbjjtVdW74NLzwEgQjP	lifetime	1769204289	WHALE_TX_BUY	15163079080	1	4pZUbqyTE867CrxpZ9SVmCUKez2N7Ewz5ib7JwTmxp5Km4h6jbbK1RCWoqc3QXN25JSnRkkunZb9v2ap346GqWH1	1769204289
215nhcAHjQQGgwpQSJQ7zR26etbjjtVdW74NLzwEgQjP	24h	1769204289	WHALE_CUM_24H_BUY	284209851756	26	4pZUbqyTE867CrxpZ9SVmCUKez2N7Ewz5ib7JwTmxp5Km4h6jbbK1RCWoqc3QXN25JSnRkkunZb9v2ap346GqWH1	1769204289
215nhcAHjQQGgwpQSJQ7zR26etbjjtVdW74NLzwEgQjP	7d	1769204289	WHALE_CUM_7D_BUY	284209851756	26	4pZUbqyTE867CrxpZ9SVmCUKez2N7Ewz5ib7JwTmxp5Km4h6jbbK1RCWoqc3QXN25JSnRkkunZb9v2ap346GqWH1	1769204289
215nhcAHjQQGgwpQSJQ7zR26etbjjtVdW74NLzwEgQjP	24h	1769205698	WHALE_CUM_24H_BUY	290280856756	27	46N1ZeuKuZnRC6DxxvNyS3qUP6CAYfNJ9bMS6qx3MouQMLwAsqk3Wut3AA1xkHcU4NLfQL2it3MTKdLUmVfrcfe8	1769205698
215nhcAHjQQGgwpQSJQ7zR26etbjjtVdW74NLzwEgQjP	7d	1769205698	WHALE_CUM_7D_BUY	290280856756	27	46N1ZeuKuZnRC6DxxvNyS3qUP6CAYfNJ9bMS6qx3MouQMLwAsqk3Wut3AA1xkHcU4NLfQL2it3MTKdLUmVfrcfe8	1769205698
215nhcAHjQQGgwpQSJQ7zR26etbjjtVdW74NLzwEgQjP	24h	1769208331	WHALE_CUM_24H_SELL	147785982915	19	2edz17Gq7pYCsZvYu6m39CbrQdsRnUfAxr74oPTvfaoUNUNaBafmo5WKuCoAKLqqJzhAPqUxhyMGs6uw8hgnKBhC	1769208331
215nhcAHjQQGgwpQSJQ7zR26etbjjtVdW74NLzwEgQjP	24h	1769214068	WHALE_CUM_24H_BUY	296370861756	28	2wxvXZMYBa6SEC3c4sm6edw3BaCii49hKHvMrNTmEUi9pgPdJqJU3ktR2BhU5K445hRu2CjwkszeapfQZskV71c3	1769214068
215nhcAHjQQGgwpQSJQ7zR26etbjjtVdW74NLzwEgQjP	7d	1769214068	WHALE_CUM_7D_BUY	296370861756	28	2wxvXZMYBa6SEC3c4sm6edw3BaCii49hKHvMrNTmEUi9pgPdJqJU3ktR2BhU5K445hRu2CjwkszeapfQZskV71c3	1769214068
215nhcAHjQQGgwpQSJQ7zR26etbjjtVdW74NLzwEgQjP	24h	1769215003	WHALE_CUM_24H_BUY	296375866756	29	63hcp7iueo8ytPKd3WTbRGbsfUTntynpNqghPujptAYW3oiPHCzohGDk8rZHu38cYhDH2u9XtCvU6yaMLfbqNWsY	1769215003
215nhcAHjQQGgwpQSJQ7zR26etbjjtVdW74NLzwEgQjP	7d	1769215003	WHALE_CUM_7D_BUY	296375866756	29	63hcp7iueo8ytPKd3WTbRGbsfUTntynpNqghPujptAYW3oiPHCzohGDk8rZHu38cYhDH2u9XtCvU6yaMLfbqNWsY	1769215003
215nhcAHjQQGgwpQSJQ7zR26etbjjtVdW74NLzwEgQjP	24h	1769215012	WHALE_CUM_24H_BUY	301436871756	30	37FbdE2mwkqeuB9XfFi4a4J8Hq92BaFfvjYjihEmWyDfTRtWRn7uCA1n1xDLQFBuYWxUYUSw4nXemCV7ncDQwgkn	1769215012
215nhcAHjQQGgwpQSJQ7zR26etbjjtVdW74NLzwEgQjP	7d	1769215012	WHALE_CUM_7D_BUY	301436871756	30	37FbdE2mwkqeuB9XfFi4a4J8Hq92BaFfvjYjihEmWyDfTRtWRn7uCA1n1xDLQFBuYWxUYUSw4nXemCV7ncDQwgkn	1769215012
215nhcAHjQQGgwpQSJQ7zR26etbjjtVdW74NLzwEgQjP	lifetime	1769255049	WHALE_TX_BUY	10132079080	1	4WTASG7ZpBhpP8ZZHopBDp66TzQaCDw7sMDP4okDCq5EtVKy2ZcR3AZwwcMByNxV8AEY6G5Ayycm7ZsNgaj3PLX7	1769255049
215nhcAHjQQGgwpQSJQ7zR26etbjjtVdW74NLzwEgQjP	24h	1769255049	WHALE_CUM_24H_BUY	291323792676	29	4WTASG7ZpBhpP8ZZHopBDp66TzQaCDw7sMDP4okDCq5EtVKy2ZcR3AZwwcMByNxV8AEY6G5Ayycm7ZsNgaj3PLX7	1769255049
215nhcAHjQQGgwpQSJQ7zR26etbjjtVdW74NLzwEgQjP	7d	1769255049	WHALE_CUM_7D_BUY	311568950836	31	4WTASG7ZpBhpP8ZZHopBDp66TzQaCDw7sMDP4okDCq5EtVKy2ZcR3AZwwcMByNxV8AEY6G5Ayycm7ZsNgaj3PLX7	1769255049
215nhcAHjQQGgwpQSJQ7zR26etbjjtVdW74NLzwEgQjP	lifetime	1769262501	WHALE_TX_SELL	12983739576	1	MZxPWJvZsgMR1KhycD6Nrd7roi8QgLq6EF2Xi3LubqsPo3orgrnQM33Rzus1yKBwecJSM3ZnyLNcaLwwPDGnQXE	1769262501
215nhcAHjQQGgwpQSJQ7zR26etbjjtVdW74NLzwEgQjP	24h	1769262501	WHALE_CUM_24H_SELL	145068802802	17	MZxPWJvZsgMR1KhycD6Nrd7roi8QgLq6EF2Xi3LubqsPo3orgrnQM33Rzus1yKBwecJSM3ZnyLNcaLwwPDGnQXE	1769262501
215nhcAHjQQGgwpQSJQ7zR26etbjjtVdW74NLzwEgQjP	lifetime	1769262798	WHALE_TX_SELL	14379338316	1	51TDnNDWKNRhUSvSTnGoPBdiF5BzqfAnPvxXnXWLf8iSRPtKACCUeTVVDTT1wwtWwRmEp1wq9mDskxDtaQQAtspp	1769262798
215nhcAHjQQGgwpQSJQ7zR26etbjjtVdW74NLzwEgQjP	24h	1769262798	WHALE_CUM_24H_SELL	159448141118	18	51TDnNDWKNRhUSvSTnGoPBdiF5BzqfAnPvxXnXWLf8iSRPtKACCUeTVVDTT1wwtWwRmEp1wq9mDskxDtaQQAtspp	1769262798
215nhcAHjQQGgwpQSJQ7zR26etbjjtVdW74NLzwEgQjP	24h	1769264046	WHALE_CUM_24H_BUY	294385403006	30	2gtCJiixFJJyxNNAJweigd524NmTuk8k3teNRXG2gyXuuCydqdjALCQ8QNXuvHChcPDgk9YbEBPwXduFMRKpGMpC	1769264046
215nhcAHjQQGgwpQSJQ7zR26etbjjtVdW74NLzwEgQjP	7d	1769264046	WHALE_CUM_7D_BUY	314630561166	32	2gtCJiixFJJyxNNAJweigd524NmTuk8k3teNRXG2gyXuuCydqdjALCQ8QNXuvHChcPDgk9YbEBPwXduFMRKpGMpC	1769264046
215nhcAHjQQGgwpQSJQ7zR26etbjjtVdW74NLzwEgQjP	24h	1769264244	WHALE_CUM_24H_SELL	166534503454	19	4te8gvG9v7UKvEbDZY9DcMWcqRmU4yaEZMFL6UyRenriN1j3ycMftFNLJVBt9Ug8oSDHZBJ1UpRFWLTQjNZbfrXD	1769264244
215nhcAHjQQGgwpQSJQ7zR26etbjjtVdW74NLzwEgQjP	lifetime	1769265977	WHALE_TX_BUY	10111005000	1	15CeK9ZNH2Wco9FtE8FVUfKLgnNBuK6XonVKaE7WoCVJ5hAFg2EntBvRNrRhKiw7LchsbSyJZgudqnqMZ23DNLn	1769265977
215nhcAHjQQGgwpQSJQ7zR26etbjjtVdW74NLzwEgQjP	24h	1769265977	WHALE_CUM_24H_BUY	304496408006	31	15CeK9ZNH2Wco9FtE8FVUfKLgnNBuK6XonVKaE7WoCVJ5hAFg2EntBvRNrRhKiw7LchsbSyJZgudqnqMZ23DNLn	1769265977
215nhcAHjQQGgwpQSJQ7zR26etbjjtVdW74NLzwEgQjP	7d	1769265977	WHALE_CUM_7D_BUY	324741566166	33	15CeK9ZNH2Wco9FtE8FVUfKLgnNBuK6XonVKaE7WoCVJ5hAFg2EntBvRNrRhKiw7LchsbSyJZgudqnqMZ23DNLn	1769265977
215nhcAHjQQGgwpQSJQ7zR26etbjjtVdW74NLzwEgQjP	24h	1769266377	WHALE_CUM_24H_BUY	306529174586	32	5vBiZZBaPAGUrxiFdSuMhopwEnaoiMgugFYDRFQ9bWQw5AyodnF2EkJUeDMbvKM41kdcKEDvtBDZaa8hgasaJH5h	1769266377
215nhcAHjQQGgwpQSJQ7zR26etbjjtVdW74NLzwEgQjP	7d	1769266377	WHALE_CUM_7D_BUY	326774332746	34	5vBiZZBaPAGUrxiFdSuMhopwEnaoiMgugFYDRFQ9bWQw5AyodnF2EkJUeDMbvKM41kdcKEDvtBDZaa8hgasaJH5h	1769266377
215nhcAHjQQGgwpQSJQ7zR26etbjjtVdW74NLzwEgQjP	lifetime	1769266595	WHALE_TX_SELL	17439391682	1	5UQT4oKJvUYJD3FKdBPkb3HPhGjj3CX5QbTuFRcAfzPhg1WHMK1aqyZ1UChnHYbnLbL8r6TNgkL4f69DTPYAJZ2y	1769266595
215nhcAHjQQGgwpQSJQ7zR26etbjjtVdW74NLzwEgQjP	24h	1769266595	WHALE_CUM_24H_SELL	183973895136	20	5UQT4oKJvUYJD3FKdBPkb3HPhGjj3CX5QbTuFRcAfzPhg1WHMK1aqyZ1UChnHYbnLbL8r6TNgkL4f69DTPYAJZ2y	1769266595
215nhcAHjQQGgwpQSJQ7zR26etbjjtVdW74NLzwEgQjP	24h	1769266741	WHALE_CUM_24H_SELL	187299757332	21	djwzF2DynBnecoypFfvHXAXXEqh7HDj93XURiCp5xUPVxRUucTJsL9C8MpF1pyf5tux3PCLLkZPB91FrDAnc4Yt	1769266741
215nhcAHjQQGgwpQSJQ7zR26etbjjtVdW74NLzwEgQjP	7d	1769266741	WHALE_CUM_7D_SELL	203000677021	24	djwzF2DynBnecoypFfvHXAXXEqh7HDj93XURiCp5xUPVxRUucTJsL9C8MpF1pyf5tux3PCLLkZPB91FrDAnc4Yt	1769266741
215nhcAHjQQGgwpQSJQ7zR26etbjjtVdW74NLzwEgQjP	lifetime	1769266777	WHALE_TX_SELL	11057502192	1	49Afn6fdiahwYRXq8JCmD1nDmCJnN5o4K9fYp1K5vwgzMBMf9WP9gmduVid7YxvfRHXnNJZhdJcVwSYs56A5JgyD	1769266777
215nhcAHjQQGgwpQSJQ7zR26etbjjtVdW74NLzwEgQjP	24h	1769266777	WHALE_CUM_24H_SELL	198357259524	22	49Afn6fdiahwYRXq8JCmD1nDmCJnN5o4K9fYp1K5vwgzMBMf9WP9gmduVid7YxvfRHXnNJZhdJcVwSYs56A5JgyD	1769266777
215nhcAHjQQGgwpQSJQ7zR26etbjjtVdW74NLzwEgQjP	7d	1769266777	WHALE_CUM_7D_SELL	214058179213	25	49Afn6fdiahwYRXq8JCmD1nDmCJnN5o4K9fYp1K5vwgzMBMf9WP9gmduVid7YxvfRHXnNJZhdJcVwSYs56A5JgyD	1769266777
215nhcAHjQQGgwpQSJQ7zR26etbjjtVdW74NLzwEgQjP	24h	1769267859	WHALE_CUM_24H_BUY	311611253666	33	5pHjjRgf2BW3JUdaxPGW55oieZMwQhD6vssaHYKnP1baxwUkzZTWcHYXZKMzLdWcSSpdABp33oxBXcM1gdaXxB1	1769267859
215nhcAHjQQGgwpQSJQ7zR26etbjjtVdW74NLzwEgQjP	7d	1769267859	WHALE_CUM_7D_BUY	331856411826	35	5pHjjRgf2BW3JUdaxPGW55oieZMwQhD6vssaHYKnP1baxwUkzZTWcHYXZKMzLdWcSSpdABp33oxBXcM1gdaXxB1	1769267859
215nhcAHjQQGgwpQSJQ7zR26etbjjtVdW74NLzwEgQjP	lifetime	1769267874	WHALE_TX_SELL	13665708966	1	66d8QKNBfH6HPZVRvXRw1H5KFBKtw35hpEJhKciP3pLJmf8XZo6dpe7UXWJpaKVdNPVGgEW1PYwEJznXqjHJ9w3g	1769267874
215nhcAHjQQGgwpQSJQ7zR26etbjjtVdW74NLzwEgQjP	24h	1769267874	WHALE_CUM_24H_SELL	212022968490	23	66d8QKNBfH6HPZVRvXRw1H5KFBKtw35hpEJhKciP3pLJmf8XZo6dpe7UXWJpaKVdNPVGgEW1PYwEJznXqjHJ9w3g	1769267874
215nhcAHjQQGgwpQSJQ7zR26etbjjtVdW74NLzwEgQjP	7d	1769267874	WHALE_CUM_7D_SELL	227723888179	26	66d8QKNBfH6HPZVRvXRw1H5KFBKtw35hpEJhKciP3pLJmf8XZo6dpe7UXWJpaKVdNPVGgEW1PYwEJznXqjHJ9w3g	1769267874
215nhcAHjQQGgwpQSJQ7zR26etbjjtVdW74NLzwEgQjP	lifetime	1769267975	WHALE_TX_BUY	10132079080	1	7MB49PQFbP9p8CPf9y79MLXVGgxqg1yLTXJUfxvrqnKsmjP2uHtg3PcWX4Ek3SSvu3tRWGBqMK9T1AQap9Q3NK1	1769267975
215nhcAHjQQGgwpQSJQ7zR26etbjjtVdW74NLzwEgQjP	24h	1769267975	WHALE_CUM_24H_BUY	321743332746	34	7MB49PQFbP9p8CPf9y79MLXVGgxqg1yLTXJUfxvrqnKsmjP2uHtg3PcWX4Ek3SSvu3tRWGBqMK9T1AQap9Q3NK1	1769267975
215nhcAHjQQGgwpQSJQ7zR26etbjjtVdW74NLzwEgQjP	7d	1769267975	WHALE_CUM_7D_BUY	341988490906	36	7MB49PQFbP9p8CPf9y79MLXVGgxqg1yLTXJUfxvrqnKsmjP2uHtg3PcWX4Ek3SSvu3tRWGBqMK9T1AQap9Q3NK1	1769267975
215nhcAHjQQGgwpQSJQ7zR26etbjjtVdW74NLzwEgQjP	lifetime	1769268977	WHALE_TX_SELL	35558061998	1	2gLwYYUUVnDS9gLKhtC1TkogmpK5mXdGUYLeRXFfZfPz3iCieumag4iR615BPUEde5BBX5cFExCXEt53qSAZr9Fw	1769268977
215nhcAHjQQGgwpQSJQ7zR26etbjjtVdW74NLzwEgQjP	24h	1769268977	WHALE_CUM_24H_SELL	247581030488	24	2gLwYYUUVnDS9gLKhtC1TkogmpK5mXdGUYLeRXFfZfPz3iCieumag4iR615BPUEde5BBX5cFExCXEt53qSAZr9Fw	1769268977
215nhcAHjQQGgwpQSJQ7zR26etbjjtVdW74NLzwEgQjP	7d	1769268977	WHALE_CUM_7D_SELL	263281950177	27	2gLwYYUUVnDS9gLKhtC1TkogmpK5mXdGUYLeRXFfZfPz3iCieumag4iR615BPUEde5BBX5cFExCXEt53qSAZr9Fw	1769268977
215nhcAHjQQGgwpQSJQ7zR26etbjjtVdW74NLzwEgQjP	24h	1769269051	WHALE_CUM_24H_BUY	326806411826	35	3A5tbqMHWRK9yEGhYZdDtE2aTo1FwPAZGwbHXCkoD67dmS8M8FAwETZ5gtWbaLCAsP9hvAs3E5gfST6pFDVUWiog	1769269051
215nhcAHjQQGgwpQSJQ7zR26etbjjtVdW74NLzwEgQjP	7d	1769269051	WHALE_CUM_7D_BUY	347051569986	37	3A5tbqMHWRK9yEGhYZdDtE2aTo1FwPAZGwbHXCkoD67dmS8M8FAwETZ5gtWbaLCAsP9hvAs3E5gfST6pFDVUWiog	1769269051
215nhcAHjQQGgwpQSJQ7zR26etbjjtVdW74NLzwEgQjP	24h	1769269063	WHALE_CUM_24H_SELL	249451492597	25	cdE7RxcA7xVU6yW4vmbdMrPG4GSXUDHGJNV8QeB1bnptdBbLCK5WiJgdWruW7BJMh2ZjBNjMTMJhQPEU3sXUe3E	1769269063
215nhcAHjQQGgwpQSJQ7zR26etbjjtVdW74NLzwEgQjP	7d	1769269063	WHALE_CUM_7D_SELL	265152412286	28	cdE7RxcA7xVU6yW4vmbdMrPG4GSXUDHGJNV8QeB1bnptdBbLCK5WiJgdWruW7BJMh2ZjBNjMTMJhQPEU3sXUe3E	1769269063
215nhcAHjQQGgwpQSJQ7zR26etbjjtVdW74NLzwEgQjP	lifetime	1769271302	WHALE_TX_BUY	17183079080	1	2AQRr2Q84i4ZjC9VBwk5V1HmiFFU9zX1XfAsBqLUy9hKERDmw88ycNgovx8tAE27iX1Sz9fvJvs4NL2Mbufam4E1	1769271302
215nhcAHjQQGgwpQSJQ7zR26etbjjtVdW74NLzwEgQjP	24h	1769271302	WHALE_CUM_24H_BUY	343989490906	36	2AQRr2Q84i4ZjC9VBwk5V1HmiFFU9zX1XfAsBqLUy9hKERDmw88ycNgovx8tAE27iX1Sz9fvJvs4NL2Mbufam4E1	1769271302
215nhcAHjQQGgwpQSJQ7zR26etbjjtVdW74NLzwEgQjP	7d	1769271302	WHALE_CUM_7D_BUY	364234649066	38	2AQRr2Q84i4ZjC9VBwk5V1HmiFFU9zX1XfAsBqLUy9hKERDmw88ycNgovx8tAE27iX1Sz9fvJvs4NL2Mbufam4E1	1769271302
215nhcAHjQQGgwpQSJQ7zR26etbjjtVdW74NLzwEgQjP	24h	1769272318	WHALE_CUM_24H_BUY	331830805379	35	4Sbh9iUqkWQpkNtTsa7gySiGWBySY8CiUiwTLopHrxSyZfYp6cRYecE9kjwSqFJmGucvuoDUf7Kw2n9jydCgw8nX	1769272318
215nhcAHjQQGgwpQSJQ7zR26etbjjtVdW74NLzwEgQjP	7d	1769272318	WHALE_CUM_7D_BUY	369329235733	39	4Sbh9iUqkWQpkNtTsa7gySiGWBySY8CiUiwTLopHrxSyZfYp6cRYecE9kjwSqFJmGucvuoDUf7Kw2n9jydCgw8nX	1769272318
215nhcAHjQQGgwpQSJQ7zR26etbjjtVdW74NLzwEgQjP	24h	1769272652	WHALE_CUM_24H_SELL	245612354083	25	4JWDte8rV3GQ3e3ZM6c6dxka4Tzf53xsSk36qB5toMDBuNzFXzuR6LeN2Bm7nBR5tY1VbdquNek61DKoUBTBG7m7	1769272652
215nhcAHjQQGgwpQSJQ7zR26etbjjtVdW74NLzwEgQjP	7d	1769272652	WHALE_CUM_7D_SELL	267655342888	29	4JWDte8rV3GQ3e3ZM6c6dxka4Tzf53xsSk36qB5toMDBuNzFXzuR6LeN2Bm7nBR5tY1VbdquNek61DKoUBTBG7m7	1769272652
215nhcAHjQQGgwpQSJQ7zR26etbjjtVdW74NLzwEgQjP	24h	1769272925	WHALE_CUM_24H_SELL	244263023510	25	e5aJJgpQqLGEP2BRBdoW8cxnzwA3vSGT1vwqa5UcKgnMNo37svEo11PWYCT5Rvwfh5QfAa9FphchWfFnJnPc5pX	1769272925
215nhcAHjQQGgwpQSJQ7zR26etbjjtVdW74NLzwEgQjP	7d	1769272925	WHALE_CUM_7D_SELL	270535645878	30	e5aJJgpQqLGEP2BRBdoW8cxnzwA3vSGT1vwqa5UcKgnMNo37svEo11PWYCT5Rvwfh5QfAa9FphchWfFnJnPc5pX	1769272925
215nhcAHjQQGgwpQSJQ7zR26etbjjtVdW74NLzwEgQjP	lifetime	1769273522	WHALE_TX_BUY	10111005000	1	xxsc6qbLmxV23Nuw343zbZNPC8imJvWy8Rj8u4Qw6ETTVZ7WmFQ3mLR1HrNrQBpibgXg5Eh8RJfggqHeVx3b8tq	1769273522
215nhcAHjQQGgwpQSJQ7zR26etbjjtVdW74NLzwEgQjP	24h	1769273522	WHALE_CUM_24H_BUY	321666682019	33	xxsc6qbLmxV23Nuw343zbZNPC8imJvWy8Rj8u4Qw6ETTVZ7WmFQ3mLR1HrNrQBpibgXg5Eh8RJfggqHeVx3b8tq	1769273522
215nhcAHjQQGgwpQSJQ7zR26etbjjtVdW74NLzwEgQjP	7d	1769273522	WHALE_CUM_7D_BUY	379440240733	40	xxsc6qbLmxV23Nuw343zbZNPC8imJvWy8Rj8u4Qw6ETTVZ7WmFQ3mLR1HrNrQBpibgXg5Eh8RJfggqHeVx3b8tq	1769273522
215nhcAHjQQGgwpQSJQ7zR26etbjjtVdW74NLzwEgQjP	lifetime	1769274583	WHALE_TX_BUY	50532079080	1	QHFeKpSMv3n4F9NkQjoBEvXngpH6gK6vFTHBq86ThcV2fu5L5croaqurRCJpijhDvxXgNN2GmJW9bgoUtpUcNnZ	1769274583
215nhcAHjQQGgwpQSJQ7zR26etbjjtVdW74NLzwEgQjP	24h	1769274583	WHALE_CUM_24H_BUY	370167756099	33	QHFeKpSMv3n4F9NkQjoBEvXngpH6gK6vFTHBq86ThcV2fu5L5croaqurRCJpijhDvxXgNN2GmJW9bgoUtpUcNnZ	1769274583
215nhcAHjQQGgwpQSJQ7zR26etbjjtVdW74NLzwEgQjP	7d	1769274583	WHALE_CUM_7D_BUY	429972319813	41	QHFeKpSMv3n4F9NkQjoBEvXngpH6gK6vFTHBq86ThcV2fu5L5croaqurRCJpijhDvxXgNN2GmJW9bgoUtpUcNnZ	1769274583
215nhcAHjQQGgwpQSJQ7zR26etbjjtVdW74NLzwEgQjP	24h	1769275399	WHALE_CUM_24H_BUY	289348751099	32	3s7WP2vRotJMpdDciegY7kjKjJzR8TTBctkxqqjzzRphQyk1JduTxGTauPQV3t5RkGvMUJefgqwRCAsYNMgqS8Kq	1769275399
215nhcAHjQQGgwpQSJQ7zR26etbjjtVdW74NLzwEgQjP	7d	1769275399	WHALE_CUM_7D_BUY	434023324813	42	3s7WP2vRotJMpdDciegY7kjKjJzR8TTBctkxqqjzzRphQyk1JduTxGTauPQV3t5RkGvMUJefgqwRCAsYNMgqS8Kq	1769275399
215nhcAHjQQGgwpQSJQ7zR26etbjjtVdW74NLzwEgQjP	24h	1769276752	WHALE_CUM_24H_SELL	231465286505	21	26mcwsQKzM7PwdnY7KcNa3gnnTxeTxNRhUJwDwP39U2yigCf1pPfy5WhxJj3pqmpnxV1pLacXfoXq3nuvCJQdSGf	1769276752
215nhcAHjQQGgwpQSJQ7zR26etbjjtVdW74NLzwEgQjP	7d	1769276752	WHALE_CUM_7D_SELL	275832501889	31	26mcwsQKzM7PwdnY7KcNa3gnnTxeTxNRhUJwDwP39U2yigCf1pPfy5WhxJj3pqmpnxV1pLacXfoXq3nuvCJQdSGf	1769276752
215nhcAHjQQGgwpQSJQ7zR26etbjjtVdW74NLzwEgQjP	lifetime	1769276913	WHALE_TX_BUY	15163079080	1	36EZGeeAHbX2p92YGnvqmXBVphEoW1JJZSbrn27Cx9n6SehSejKRMFfqm96GMXFdeEycXWsgRbf8RqyEDJ7khjF9	1769276913
215nhcAHjQQGgwpQSJQ7zR26etbjjtVdW74NLzwEgQjP	24h	1769276913	WHALE_CUM_24H_BUY	302459785899	32	36EZGeeAHbX2p92YGnvqmXBVphEoW1JJZSbrn27Cx9n6SehSejKRMFfqm96GMXFdeEycXWsgRbf8RqyEDJ7khjF9	1769276913
215nhcAHjQQGgwpQSJQ7zR26etbjjtVdW74NLzwEgQjP	7d	1769276913	WHALE_CUM_7D_BUY	449186403893	43	36EZGeeAHbX2p92YGnvqmXBVphEoW1JJZSbrn27Cx9n6SehSejKRMFfqm96GMXFdeEycXWsgRbf8RqyEDJ7khjF9	1769276913
215nhcAHjQQGgwpQSJQ7zR26etbjjtVdW74NLzwEgQjP	lifetime	1769277307	WHALE_TX_SELL	17218899245	1	3R15Pi73vrRC6E21EfyHwneaYa8XQsJDjXnupcKYxACtPrrhjZFScJbcPkBvHaq8gTELYszBBCSfUVSSfJ27cnzK	1769277307
215nhcAHjQQGgwpQSJQ7zR26etbjjtVdW74NLzwEgQjP	24h	1769277307	WHALE_CUM_24H_SELL	244090060771	20	3R15Pi73vrRC6E21EfyHwneaYa8XQsJDjXnupcKYxACtPrrhjZFScJbcPkBvHaq8gTELYszBBCSfUVSSfJ27cnzK	1769277307
215nhcAHjQQGgwpQSJQ7zR26etbjjtVdW74NLzwEgQjP	7d	1769277307	WHALE_CUM_7D_SELL	293051401134	32	3R15Pi73vrRC6E21EfyHwneaYa8XQsJDjXnupcKYxACtPrrhjZFScJbcPkBvHaq8gTELYszBBCSfUVSSfJ27cnzK	1769277307
215nhcAHjQQGgwpQSJQ7zR26etbjjtVdW74NLzwEgQjP	lifetime	1769277346	WHALE_TX_SELL	23256377849	1	nYJ2vFXy3SwjvsU9KdZZpb37N4azK5VdHonakDzbegssqBiWhxeyRwbieER7ERFs5v3MCzhNSPkKfBAoyra3WXe	1769277346
215nhcAHjQQGgwpQSJQ7zR26etbjjtVdW74NLzwEgQjP	24h	1769277346	WHALE_CUM_24H_SELL	267346438620	21	nYJ2vFXy3SwjvsU9KdZZpb37N4azK5VdHonakDzbegssqBiWhxeyRwbieER7ERFs5v3MCzhNSPkKfBAoyra3WXe	1769277346
215nhcAHjQQGgwpQSJQ7zR26etbjjtVdW74NLzwEgQjP	7d	1769277346	WHALE_CUM_7D_SELL	316307778983	33	nYJ2vFXy3SwjvsU9KdZZpb37N4azK5VdHonakDzbegssqBiWhxeyRwbieER7ERFs5v3MCzhNSPkKfBAoyra3WXe	1769277346
215nhcAHjQQGgwpQSJQ7zR26etbjjtVdW74NLzwEgQjP	lifetime	1769277695	WHALE_TX_BUY	25280005000	1	5uNJGZtRY8g6k9bLZQynjX75GxMJtYDyPw1ti7PPa7U7YCT8XsqaVotZErML4sPR9CtscbbUjb1S25yovbhNJsTb	1769277695
215nhcAHjQQGgwpQSJQ7zR26etbjjtVdW74NLzwEgQjP	24h	1769277695	WHALE_CUM_24H_BUY	327739790899	33	5uNJGZtRY8g6k9bLZQynjX75GxMJtYDyPw1ti7PPa7U7YCT8XsqaVotZErML4sPR9CtscbbUjb1S25yovbhNJsTb	1769277695
215nhcAHjQQGgwpQSJQ7zR26etbjjtVdW74NLzwEgQjP	7d	1769277695	WHALE_CUM_7D_BUY	474466408893	44	5uNJGZtRY8g6k9bLZQynjX75GxMJtYDyPw1ti7PPa7U7YCT8XsqaVotZErML4sPR9CtscbbUjb1S25yovbhNJsTb	1769277695
215nhcAHjQQGgwpQSJQ7zR26etbjjtVdW74NLzwEgQjP	24h	1769277724	WHALE_CUM_24H_BUY	332802835179	34	3DTmmY3XjSCsAZ3UECLFqvJ8EykSnWoaRZKndfjzuPxRcRtjfRZvjsFWsgHYM6zaqK5TniayyYvT1yi8fD4k8krw	1769277724
215nhcAHjQQGgwpQSJQ7zR26etbjjtVdW74NLzwEgQjP	7d	1769277724	WHALE_CUM_7D_BUY	479529453173	45	3DTmmY3XjSCsAZ3UECLFqvJ8EykSnWoaRZKndfjzuPxRcRtjfRZvjsFWsgHYM6zaqK5TniayyYvT1yi8fD4k8krw	1769277724
215nhcAHjQQGgwpQSJQ7zR26etbjjtVdW74NLzwEgQjP	lifetime	1769286050	WHALE_TX_SELL	35979163898	1	3YYAWywW1nUGqcqvqveJDFH9rtPfK1iaxg1GfA6aRH7KAkNTU7g37kWWbbuTbouEb7YYyBut4MXmtLVKp2RKYnzD	1769286050
215nhcAHjQQGgwpQSJQ7zR26etbjjtVdW74NLzwEgQjP	24h	1769286050	WHALE_CUM_24H_SELL	247779634786	18	3YYAWywW1nUGqcqvqveJDFH9rtPfK1iaxg1GfA6aRH7KAkNTU7g37kWWbbuTbouEb7YYyBut4MXmtLVKp2RKYnzD	1769286050
215nhcAHjQQGgwpQSJQ7zR26etbjjtVdW74NLzwEgQjP	7d	1769286050	WHALE_CUM_7D_SELL	352286942881	34	3YYAWywW1nUGqcqvqveJDFH9rtPfK1iaxg1GfA6aRH7KAkNTU7g37kWWbbuTbouEb7YYyBut4MXmtLVKp2RKYnzD	1769286050
215nhcAHjQQGgwpQSJQ7zR26etbjjtVdW74NLzwEgQjP	lifetime	1769286053	WHALE_TX_SELL	33368486551	1	HiCaGr96nhsm7zDpewGWEDJ7qfZ9a98i2Gk8wdWiCWA5yTVf9stNPnaQS97XncEkadEt7vHyiGzxRRwdh8szZTx	1769286053
215nhcAHjQQGgwpQSJQ7zR26etbjjtVdW74NLzwEgQjP	24h	1769286053	WHALE_CUM_24H_SELL	281148121337	19	HiCaGr96nhsm7zDpewGWEDJ7qfZ9a98i2Gk8wdWiCWA5yTVf9stNPnaQS97XncEkadEt7vHyiGzxRRwdh8szZTx	1769286053
215nhcAHjQQGgwpQSJQ7zR26etbjjtVdW74NLzwEgQjP	7d	1769286053	WHALE_CUM_7D_SELL	385655429432	35	HiCaGr96nhsm7zDpewGWEDJ7qfZ9a98i2Gk8wdWiCWA5yTVf9stNPnaQS97XncEkadEt7vHyiGzxRRwdh8szZTx	1769286053
215nhcAHjQQGgwpQSJQ7zR26etbjjtVdW74NLzwEgQjP	lifetime	1769286124	WHALE_TX_BUY	25263079080	1	2t2uzurqW3v5oeAuHjxfgeV8C32oFXpFpV2g5YeRsv3DRFhoBhMBEj4hr55mG1as5r9b8DB7KbFhhgu5eFcSVfNd	1769286124
215nhcAHjQQGgwpQSJQ7zR26etbjjtVdW74NLzwEgQjP	24h	1769286124	WHALE_CUM_24H_BUY	250927838657	22	2t2uzurqW3v5oeAuHjxfgeV8C32oFXpFpV2g5YeRsv3DRFhoBhMBEj4hr55mG1as5r9b8DB7KbFhhgu5eFcSVfNd	1769286124
215nhcAHjQQGgwpQSJQ7zR26etbjjtVdW74NLzwEgQjP	7d	1769286124	WHALE_CUM_7D_BUY	504792532253	46	2t2uzurqW3v5oeAuHjxfgeV8C32oFXpFpV2g5YeRsv3DRFhoBhMBEj4hr55mG1as5r9b8DB7KbFhhgu5eFcSVfNd	1769286124
215nhcAHjQQGgwpQSJQ7zR26etbjjtVdW74NLzwEgQjP	24h	1769286250	WHALE_CUM_24H_BUY	251948843657	23	3y8hxmMZo7eXcAoX8NjopsDjnCBfkKWb52Sr786gTErWAGhcgmSKti7UAz4WdZSd57rddKX8Ps9hvvg54ora24N1	1769286250
215nhcAHjQQGgwpQSJQ7zR26etbjjtVdW74NLzwEgQjP	7d	1769286250	WHALE_CUM_7D_BUY	505813537253	47	3y8hxmMZo7eXcAoX8NjopsDjnCBfkKWb52Sr786gTErWAGhcgmSKti7UAz4WdZSd57rddKX8Ps9hvvg54ora24N1	1769286250
215nhcAHjQQGgwpQSJQ7zR26etbjjtVdW74NLzwEgQjP	24h	1769286512	WHALE_CUM_24H_BUY	252988848657	24	2PrUaehEkiLzk5FRQ3RkBdHSEubT1XBHrgyWsCGfRteKRt3f2tBmeK6Wz1TrFzQVqb1d8q1adHHUmeHJ9X6mkKid	1769286512
215nhcAHjQQGgwpQSJQ7zR26etbjjtVdW74NLzwEgQjP	7d	1769286512	WHALE_CUM_7D_BUY	506853542253	48	2PrUaehEkiLzk5FRQ3RkBdHSEubT1XBHrgyWsCGfRteKRt3f2tBmeK6Wz1TrFzQVqb1d8q1adHHUmeHJ9X6mkKid	1769286512
215nhcAHjQQGgwpQSJQ7zR26etbjjtVdW74NLzwEgQjP	24h	1769286522	WHALE_CUM_24H_SELL	288319148514	20	5R3bR1NAzNAy56Q4ZoDwEh9nu7jbYToKGS4mxu9xMXgbcyW97hF64eQZH7d5cTipq6hk4auDaJhvGEM6aLjjpNjK	1769286522
215nhcAHjQQGgwpQSJQ7zR26etbjjtVdW74NLzwEgQjP	7d	1769286522	WHALE_CUM_7D_SELL	392826456609	36	5R3bR1NAzNAy56Q4ZoDwEh9nu7jbYToKGS4mxu9xMXgbcyW97hF64eQZH7d5cTipq6hk4auDaJhvGEM6aLjjpNjK	1769286522
215nhcAHjQQGgwpQSJQ7zR26etbjjtVdW74NLzwEgQjP	24h	1769286774	WHALE_CUM_24H_BUY	258049853657	25	3mkpAtkKvPU1azhA2Lvv613LzjeES33TmGeJfmijtXY8rWoX2iRmNEmGSzAN3Joa87jEraXZzJnRftsxi7XrauHT	1769286774
215nhcAHjQQGgwpQSJQ7zR26etbjjtVdW74NLzwEgQjP	7d	1769286774	WHALE_CUM_7D_BUY	511914547253	49	3mkpAtkKvPU1azhA2Lvv613LzjeES33TmGeJfmijtXY8rWoX2iRmNEmGSzAN3Joa87jEraXZzJnRftsxi7XrauHT	1769286774
215nhcAHjQQGgwpQSJQ7zR26etbjjtVdW74NLzwEgQjP	24h	1769286970	WHALE_CUM_24H_BUY	260099858657	26	4vnBkexkUur6oYLqjFp4CNswxpeUoKYzVSzn5HSqujuLwwpkbK8ezb23eZ8spc12p1yKVnEb53thGtUyaMUpZ6cJ	1769286970
215nhcAHjQQGgwpQSJQ7zR26etbjjtVdW74NLzwEgQjP	7d	1769286970	WHALE_CUM_7D_BUY	513964552253	50	4vnBkexkUur6oYLqjFp4CNswxpeUoKYzVSzn5HSqujuLwwpkbK8ezb23eZ8spc12p1yKVnEb53thGtUyaMUpZ6cJ	1769286970
215nhcAHjQQGgwpQSJQ7zR26etbjjtVdW74NLzwEgQjP	lifetime	1769287288	WHALE_TX_SELL	16446046795	1	5bpWyj2ziG4Efy9MV2YN8nva1LBr1XTroPBRmZ1AfDhHbb68NobWUmbxG97SuUuiZrYhGTg5XXonD9UYKv7ZTJD	1769287288
215nhcAHjQQGgwpQSJQ7zR26etbjjtVdW74NLzwEgQjP	24h	1769287288	WHALE_CUM_24H_SELL	304765195309	21	5bpWyj2ziG4Efy9MV2YN8nva1LBr1XTroPBRmZ1AfDhHbb68NobWUmbxG97SuUuiZrYhGTg5XXonD9UYKv7ZTJD	1769287288
215nhcAHjQQGgwpQSJQ7zR26etbjjtVdW74NLzwEgQjP	7d	1769287288	WHALE_CUM_7D_SELL	409272503404	37	5bpWyj2ziG4Efy9MV2YN8nva1LBr1XTroPBRmZ1AfDhHbb68NobWUmbxG97SuUuiZrYhGTg5XXonD9UYKv7ZTJD	1769287288
215nhcAHjQQGgwpQSJQ7zR26etbjjtVdW74NLzwEgQjP	lifetime	1769287819	WHALE_TX_BUY	24251005000	1	3GpG91WkL5BS5qmVnnzAoGHuspt5FErmCQ7WfkRq56fVFWDXz31Eiz4r3nSQ3fSD9Zj8ikxkKvR38CbrywNnVdmo	1769287819
215nhcAHjQQGgwpQSJQ7zR26etbjjtVdW74NLzwEgQjP	24h	1769287819	WHALE_CUM_24H_BUY	284350863657	27	3GpG91WkL5BS5qmVnnzAoGHuspt5FErmCQ7WfkRq56fVFWDXz31Eiz4r3nSQ3fSD9Zj8ikxkKvR38CbrywNnVdmo	1769287819
215nhcAHjQQGgwpQSJQ7zR26etbjjtVdW74NLzwEgQjP	7d	1769287819	WHALE_CUM_7D_BUY	538215557253	51	3GpG91WkL5BS5qmVnnzAoGHuspt5FErmCQ7WfkRq56fVFWDXz31Eiz4r3nSQ3fSD9Zj8ikxkKvR38CbrywNnVdmo	1769287819
215nhcAHjQQGgwpQSJQ7zR26etbjjtVdW74NLzwEgQjP	lifetime	1769287835	WHALE_TX_SELL	26826942556	1	5G6VUiLMDyxwsNCFebtweotaTRn2vg9n5BCDghvng9Zs5Uk5pxNw5sjazytJSAZJELDvwei8h4KL6iRMmMst5DBA	1769287835
215nhcAHjQQGgwpQSJQ7zR26etbjjtVdW74NLzwEgQjP	24h	1769287835	WHALE_CUM_24H_SELL	331592137865	22	5G6VUiLMDyxwsNCFebtweotaTRn2vg9n5BCDghvng9Zs5Uk5pxNw5sjazytJSAZJELDvwei8h4KL6iRMmMst5DBA	1769287835
215nhcAHjQQGgwpQSJQ7zR26etbjjtVdW74NLzwEgQjP	7d	1769287835	WHALE_CUM_7D_SELL	436099445960	38	5G6VUiLMDyxwsNCFebtweotaTRn2vg9n5BCDghvng9Zs5Uk5pxNw5sjazytJSAZJELDvwei8h4KL6iRMmMst5DBA	1769287835
215nhcAHjQQGgwpQSJQ7zR26etbjjtVdW74NLzwEgQjP	24h	1769290227	WHALE_CUM_24H_BUY	271201551157	27	3TAHXFxed3r5omMFFt2GSJZ71EVZ2TCHQpve3oUCk8KMqZbxqQZbziZ6akra7apxKeemBsFVE5ajVCuM5P3mDMyo	1769290227
215nhcAHjQQGgwpQSJQ7zR26etbjjtVdW74NLzwEgQjP	7d	1769290227	WHALE_CUM_7D_BUY	540248323833	52	3TAHXFxed3r5omMFFt2GSJZ71EVZ2TCHQpve3oUCk8KMqZbxqQZbziZ6akra7apxKeemBsFVE5ajVCuM5P3mDMyo	1769290227
215nhcAHjQQGgwpQSJQ7zR26etbjjtVdW74NLzwEgQjP	24h	1769290436	WHALE_CUM_24H_BUY	273232556157	28	5MYw8t6TxhiJhZ6YMGquvQHPjeP5eeEPVpLdy7JsWoAwcJSeynT2iPRnts7Z3SxgrJRt1RM8Lht5rgDHjXUj3icB	1769290436
215nhcAHjQQGgwpQSJQ7zR26etbjjtVdW74NLzwEgQjP	7d	1769290436	WHALE_CUM_7D_BUY	542279328833	53	5MYw8t6TxhiJhZ6YMGquvQHPjeP5eeEPVpLdy7JsWoAwcJSeynT2iPRnts7Z3SxgrJRt1RM8Lht5rgDHjXUj3icB	1769290436
215nhcAHjQQGgwpQSJQ7zR26etbjjtVdW74NLzwEgQjP	24h	1769290491	WHALE_CUM_24H_SELL	330920097270	22	2dxr9GNw8PgPFr7w8gnhz9LdVfKabF2Ywt7ggiCoPsqPnQ8gaECY1yaCHENFHzLLzRBtQaqPwvp6hVBAehd4KhBW	1769290491
215nhcAHjQQGgwpQSJQ7zR26etbjjtVdW74NLzwEgQjP	7d	1769290491	WHALE_CUM_7D_SELL	440236718266	39	2dxr9GNw8PgPFr7w8gnhz9LdVfKabF2Ywt7ggiCoPsqPnQ8gaECY1yaCHENFHzLLzRBtQaqPwvp6hVBAehd4KhBW	1769290491
215nhcAHjQQGgwpQSJQ7zR26etbjjtVdW74NLzwEgQjP	lifetime	1769290851	WHALE_TX_BUY	26290005000	1	4dCQZQJ6eB73BLFRXa8qKusXDXvXCETvwPFq5z7HS4WTfYzUZBvWpRy3VASLeS73A87ULFgrcSAvzGadSH77ZyaA	1769290851
215nhcAHjQQGgwpQSJQ7zR26etbjjtVdW74NLzwEgQjP	24h	1769290851	WHALE_CUM_24H_BUY	284359482077	28	4dCQZQJ6eB73BLFRXa8qKusXDXvXCETvwPFq5z7HS4WTfYzUZBvWpRy3VASLeS73A87ULFgrcSAvzGadSH77ZyaA	1769290851
215nhcAHjQQGgwpQSJQ7zR26etbjjtVdW74NLzwEgQjP	7d	1769290851	WHALE_CUM_7D_BUY	568569333833	54	4dCQZQJ6eB73BLFRXa8qKusXDXvXCETvwPFq5z7HS4WTfYzUZBvWpRy3VASLeS73A87ULFgrcSAvzGadSH77ZyaA	1769290851
215nhcAHjQQGgwpQSJQ7zR26etbjjtVdW74NLzwEgQjP	lifetime	1769290855	WHALE_TX_BUY	14170005000	1	Vaw8ntZvvRV9T2XAvH5dRJWjCid44utYkzZeEUwFZwmyjuryzm4dGCzCTKMv65dyR2jeN2QRuGJKmc7RH5zaNps	1769290855
215nhcAHjQQGgwpQSJQ7zR26etbjjtVdW74NLzwEgQjP	24h	1769290855	WHALE_CUM_24H_BUY	298529487077	29	Vaw8ntZvvRV9T2XAvH5dRJWjCid44utYkzZeEUwFZwmyjuryzm4dGCzCTKMv65dyR2jeN2QRuGJKmc7RH5zaNps	1769290855
215nhcAHjQQGgwpQSJQ7zR26etbjjtVdW74NLzwEgQjP	7d	1769290855	WHALE_CUM_7D_BUY	582739338833	55	Vaw8ntZvvRV9T2XAvH5dRJWjCid44utYkzZeEUwFZwmyjuryzm4dGCzCTKMv65dyR2jeN2QRuGJKmc7RH5zaNps	1769290855
215nhcAHjQQGgwpQSJQ7zR26etbjjtVdW74NLzwEgQjP	24h	1769290872	WHALE_CUM_24H_SELL	306404812366	22	4er2WnGQx6Wah1CkQfzr7J5B4bxQ9kJV3c9g1Dqgjg9vyBZhD14mYQwtfwWBLCuP4dyDHBjfyi1Rr3VREGAwgeoF	1769290872
215nhcAHjQQGgwpQSJQ7zR26etbjjtVdW74NLzwEgQjP	7d	1769290872	WHALE_CUM_7D_SELL	447979899490	40	4er2WnGQx6Wah1CkQfzr7J5B4bxQ9kJV3c9g1Dqgjg9vyBZhD14mYQwtfwWBLCuP4dyDHBjfyi1Rr3VREGAwgeoF	1769290872
215nhcAHjQQGgwpQSJQ7zR26etbjjtVdW74NLzwEgQjP	24h	1769290876	WHALE_CUM_24H_SELL	312446767676	23	2tHoC1ttorC989RgrH4KcD4qGPYtkiJYoi5LtEBSqGNsY5aF6xr7yiasofQ6xGQcDfxWJTkv2gc89HsMJqze8JPT	1769290876
215nhcAHjQQGgwpQSJQ7zR26etbjjtVdW74NLzwEgQjP	7d	1769290876	WHALE_CUM_7D_SELL	454021854800	41	2tHoC1ttorC989RgrH4KcD4qGPYtkiJYoi5LtEBSqGNsY5aF6xr7yiasofQ6xGQcDfxWJTkv2gc89HsMJqze8JPT	1769290876
215nhcAHjQQGgwpQSJQ7zR26etbjjtVdW74NLzwEgQjP	lifetime	1769290890	WHALE_TX_BUY	10130005000	1	4JhQJ9PaBAJQMHTaAzDK6EpDJrbPnbfZKtY8TsbezKwjrpARLiUiTvFi7UWE3JpNfj5GomPeRgyWcyCzrNa3hixK	1769290890
215nhcAHjQQGgwpQSJQ7zR26etbjjtVdW74NLzwEgQjP	24h	1769290890	WHALE_CUM_24H_BUY	308659492077	30	4JhQJ9PaBAJQMHTaAzDK6EpDJrbPnbfZKtY8TsbezKwjrpARLiUiTvFi7UWE3JpNfj5GomPeRgyWcyCzrNa3hixK	1769290890
215nhcAHjQQGgwpQSJQ7zR26etbjjtVdW74NLzwEgQjP	7d	1769290890	WHALE_CUM_7D_BUY	592869343833	56	4JhQJ9PaBAJQMHTaAzDK6EpDJrbPnbfZKtY8TsbezKwjrpARLiUiTvFi7UWE3JpNfj5GomPeRgyWcyCzrNa3hixK	1769290890
215nhcAHjQQGgwpQSJQ7zR26etbjjtVdW74NLzwEgQjP	24h	1769292083	WHALE_CUM_24H_BUY	313722536357	31	33ukPM1JuM6yNW6K6jyPrdgWH5rAbgGNwYTi7uX6zuxf2E7YyGwb9QRcPQN6eYMLb5gjdax5VHY8fspHa1HefKD9	1769292083
215nhcAHjQQGgwpQSJQ7zR26etbjjtVdW74NLzwEgQjP	7d	1769292083	WHALE_CUM_7D_BUY	597932388113	57	33ukPM1JuM6yNW6K6jyPrdgWH5rAbgGNwYTi7uX6zuxf2E7YyGwb9QRcPQN6eYMLb5gjdax5VHY8fspHa1HefKD9	1769292083
215nhcAHjQQGgwpQSJQ7zR26etbjjtVdW74NLzwEgQjP	24h	1769292088	WHALE_CUM_24H_SELL	318358349822	24	uPui3N79pTNtLntx4edi4fYDAxUa4m6RpTbZTNVHTeJUWvjaEPqgY9hGH58bLDqc1t3zhBKdPKrDxWZ1nxWcVhS	1769292088
215nhcAHjQQGgwpQSJQ7zR26etbjjtVdW74NLzwEgQjP	7d	1769292088	WHALE_CUM_7D_SELL	459933436946	42	uPui3N79pTNtLntx4edi4fYDAxUa4m6RpTbZTNVHTeJUWvjaEPqgY9hGH58bLDqc1t3zhBKdPKrDxWZ1nxWcVhS	1769292088
215nhcAHjQQGgwpQSJQ7zR26etbjjtVdW74NLzwEgQjP	lifetime	1769292364	WHALE_TX_BUY	35382044280	1	5orAjwWQT6WyEB1nYewBMRzj7xzHADT8iLjtrEv4R8tvGpKT9Z2AZT78gmbRLk4GdyV2yiQbqprcuUBiA141mXRa	1769292364
215nhcAHjQQGgwpQSJQ7zR26etbjjtVdW74NLzwEgQjP	24h	1769292364	WHALE_CUM_24H_BUY	343033575637	31	5orAjwWQT6WyEB1nYewBMRzj7xzHADT8iLjtrEv4R8tvGpKT9Z2AZT78gmbRLk4GdyV2yiQbqprcuUBiA141mXRa	1769292364
215nhcAHjQQGgwpQSJQ7zR26etbjjtVdW74NLzwEgQjP	7d	1769292364	WHALE_CUM_7D_BUY	633314432393	58	5orAjwWQT6WyEB1nYewBMRzj7xzHADT8iLjtrEv4R8tvGpKT9Z2AZT78gmbRLk4GdyV2yiQbqprcuUBiA141mXRa	1769292364
215nhcAHjQQGgwpQSJQ7zR26etbjjtVdW74NLzwEgQjP	24h	1769292372	WHALE_CUM_24H_SELL	327946230722	25	5jcXo7gZqR6QACuRXist542EQk9Ds8H1uSoDpKd7ZR813JGssDdLSfBbDs2deeM26s3vffEUSqYsp4Z9nyk3JWDH	1769292372
215nhcAHjQQGgwpQSJQ7zR26etbjjtVdW74NLzwEgQjP	7d	1769292372	WHALE_CUM_7D_SELL	469521317846	43	5jcXo7gZqR6QACuRXist542EQk9Ds8H1uSoDpKd7ZR813JGssDdLSfBbDs2deeM26s3vffEUSqYsp4Z9nyk3JWDH	1769292372
215nhcAHjQQGgwpQSJQ7zR26etbjjtVdW74NLzwEgQjP	lifetime	1769292504	WHALE_TX_BUY	10113079080	1	3oUMu4LcvqnVjY7oMY2WdeK26tQGkCG5iTycUeZa3ZAngkPZMvj6PEx8hWaRQf5KS9R9VmW17faTfQrADLsNZ9Rj	1769292504
215nhcAHjQQGgwpQSJQ7zR26etbjjtVdW74NLzwEgQjP	24h	1769292504	WHALE_CUM_24H_BUY	353146654717	32	3oUMu4LcvqnVjY7oMY2WdeK26tQGkCG5iTycUeZa3ZAngkPZMvj6PEx8hWaRQf5KS9R9VmW17faTfQrADLsNZ9Rj	1769292504
215nhcAHjQQGgwpQSJQ7zR26etbjjtVdW74NLzwEgQjP	7d	1769292504	WHALE_CUM_7D_BUY	643427511473	59	3oUMu4LcvqnVjY7oMY2WdeK26tQGkCG5iTycUeZa3ZAngkPZMvj6PEx8hWaRQf5KS9R9VmW17faTfQrADLsNZ9Rj	1769292504
215nhcAHjQQGgwpQSJQ7zR26etbjjtVdW74NLzwEgQjP	lifetime	1769294474	WHALE_TX_BUY	25280005000	1	2fwTdPoxrqq38h2cJLQdrF4HLgt6WZXkUE2Dw6mHuERH72Dp6ufv6EJBkMKZRAp9ooJzEzbeshVCrK8m7ZZPEYw3	1769294474
215nhcAHjQQGgwpQSJQ7zR26etbjjtVdW74NLzwEgQjP	24h	1769294474	WHALE_CUM_24H_BUY	378426659717	33	2fwTdPoxrqq38h2cJLQdrF4HLgt6WZXkUE2Dw6mHuERH72Dp6ufv6EJBkMKZRAp9ooJzEzbeshVCrK8m7ZZPEYw3	1769294474
215nhcAHjQQGgwpQSJQ7zR26etbjjtVdW74NLzwEgQjP	7d	1769294474	WHALE_CUM_7D_BUY	668707516473	60	2fwTdPoxrqq38h2cJLQdrF4HLgt6WZXkUE2Dw6mHuERH72Dp6ufv6EJBkMKZRAp9ooJzEzbeshVCrK8m7ZZPEYw3	1769294474
215nhcAHjQQGgwpQSJQ7zR26etbjjtVdW74NLzwEgQjP	24h	1769296624	WHALE_CUM_24H_BUY	383506664717	34	4BbMRfkNWmiK9xFRUzhZ6gWqhriApX3XFG5wqLUtEAeUbHcQs7n1FQiES5HZdbcHoNSEu1tm6FxNWoQfKHYxj7Hx	1769296624
215nhcAHjQQGgwpQSJQ7zR26etbjjtVdW74NLzwEgQjP	7d	1769296624	WHALE_CUM_7D_BUY	673787521473	61	4BbMRfkNWmiK9xFRUzhZ6gWqhriApX3XFG5wqLUtEAeUbHcQs7n1FQiES5HZdbcHoNSEu1tm6FxNWoQfKHYxj7Hx	1769296624
215nhcAHjQQGgwpQSJQ7zR26etbjjtVdW74NLzwEgQjP	lifetime	1769296860	WHALE_TX_SELL	37932984383	1	4AUNPv51ZyJdU7hvCrY4PxZb62f2SgNJqtE9sevonLHDzpximGav982nbQMpQrfSniuFekKxpAZnth5bjBAZfNJj	1769296860
215nhcAHjQQGgwpQSJQ7zR26etbjjtVdW74NLzwEgQjP	24h	1769296860	WHALE_CUM_24H_SELL	359668319314	25	4AUNPv51ZyJdU7hvCrY4PxZb62f2SgNJqtE9sevonLHDzpximGav982nbQMpQrfSniuFekKxpAZnth5bjBAZfNJj	1769296860
215nhcAHjQQGgwpQSJQ7zR26etbjjtVdW74NLzwEgQjP	7d	1769296860	WHALE_CUM_7D_SELL	507454302229	44	4AUNPv51ZyJdU7hvCrY4PxZb62f2SgNJqtE9sevonLHDzpximGav982nbQMpQrfSniuFekKxpAZnth5bjBAZfNJj	1769296860
215nhcAHjQQGgwpQSJQ7zR26etbjjtVdW74NLzwEgQjP	lifetime	1769296862	WHALE_TX_SELL	35812498053	1	32QDwFJqR77RiqgYD7Ze6Gx4zi8TX12qtK9RTZGxqwf885LNb7akpGGjVCegTcUNHPhSL2YyoG12FB9Q7JE3vK8i	1769296862
215nhcAHjQQGgwpQSJQ7zR26etbjjtVdW74NLzwEgQjP	24h	1769296862	WHALE_CUM_24H_SELL	395480817367	26	32QDwFJqR77RiqgYD7Ze6Gx4zi8TX12qtK9RTZGxqwf885LNb7akpGGjVCegTcUNHPhSL2YyoG12FB9Q7JE3vK8i	1769296862
