wallet	window	side	transition_type	event_time	amount_lamports	supporting_flow_count	flow_ref
215nhcAHjQQGgwpQSJQ7zR26etbjjtVdW74NLzwEgQjP	24h	buy	ENTER	1769186925	52712553714	6	29fmFLLH57uXBa8VdJCx3A4dJeyz1RS4TdsQYgAFv57nXAkTVoDiuMJgncyBBpnAmhTSvpUfdaWjzF3WJGe5n5fr
215nhcAHjQQGgwpQSJQ7zR26etbjjtVdW74NLzwEgQjP	24h	sell	ENTER	1769197179	60425324315	13	4emybRWgQE5bH3SBCVjj7uu7foTkKaB8qNGTUDrU5b2oFXhH4Lcq4hvZFie4XwYMRn1v1tMbXMp2anogAG2ogAU
215nhcAHjQQGgwpQSJQ7zR26etbjjtVdW74NLzwEgQjP	7d	buy	ENTER	1769197196	200269634316	20	2fKuEkkuMmxYn7munggg3YGFyotuLXRMvzDgDTcLo4msJ7VVe95wzfaLAD8z6czw7Hnv856XduvWzs4bf5iCKQ3r
215nhcAHjQQGgwpQSJQ7zR26etbjjtVdW74NLzwEgQjP	7d	sell	ENTER	1769266741	203000677021	24	djwzF2DynBnecoypFfvHXAXXEqh7HDj93XURiCp5xUPVxRUucTJsL9C8MpF1pyf5tux3PCLLkZPB91FrDAnc4Yt
215nhcAHjQQGgwpQSJQ7zR26etbjjtVdW74NLzwEgQjP	lifetime	buy	ENTER	1769139807	10132079080	1	3VhMs6hNRS3GsGSqziLZBZ9bfSJTM3kRAuDiUjwoixPQF9dbmwdjvSACbbLQ2Yge2oK3suqFrqUXP39PHq66gapr
215nhcAHjQQGgwpQSJQ7zR26etbjjtVdW74NLzwEgQjP	lifetime	sell	ENTER	1769144125	10373654317	1	33XWs8RrU93QnVHkQRgwBcRWcYPxutwTD1zTH7RYNUDFcTr7ZuyHDb93gxBnjv1RQ9MEU6KA5y15SuSP5LTwAY54
274vmGgKuYQp8Fxvb8n3cr9ZeY3SYM6LgeaXM6jS2nD6	24h	sell	ENTER	1769177213	51569979340	4	35LNcXcefuBR6G3wYsGoidLmeReeAtkrT7VBCxiQ7Rz1yAMeCo2YbVMkWzpkxy4JQZiedu4xKGxXbERisQDDWs7M
274vmGgKuYQp8Fxvb8n3cr9ZeY3SYM6LgeaXM6jS2nD6	7d	sell	ENTER	1769241702	212410987777	8	2ZYvHjRMu69FfrEJHwyGia3UJX1T6BgjUSefYc2r5TtrsYMAW7GqhGqLiRAn49jHHUmYhr3xhE6Xz3aiEu9PXUam
274vmGgKuYQp8Fxvb8n3cr9ZeY3SYM6LgeaXM6jS2nD6	lifetime	buy	ENTER	1769632974	10112044281	1	4mQGjftcjX2n3P1kQ3v3hRYbPs3mBPXZDZd2zi3SB95mHQjkPhExfRJP1DecTYY8JQKydUt5u9Gb2e4UKP8eJBpV
274vmGgKuYQp8Fxvb8n3cr9ZeY3SYM6LgeaXM6jS2nD6	lifetime	sell	ENTER	1769168619	14734083838	1	DVRRUJCBMdaDhhcy5PqWVgPL4MHj5Q4HKgmMJjaDGmxDwpgpAUPekdyF91CvuxEehHtxpKAfg1oCgwu486Pb89r
2RssnB7hcrnBEx55hXMKT1E7gN27g9ecQFbbCc5Zjajq	lifetime	sell	ENTER	1769379301	14215211391	1	5o78kK8n6SUywkh2unBR46tqRKk2ABKWwcA6s51W1f6uTpSH39xDv4MU4Z9XaV8D8QNxwPozsoGAhtMNa1NSrzUL
2W14ahXD3XBfWJchQ4K5NLXmguWWcTTUTuHDhEzeuvP3	24h	buy	ENTER	1769239247	50667646487	86	1qTnUEyQxMimPvqeBSbyoMC7YANH7P64oYkovdr1JebLxbe6kNBRittVBR59tK9EjQYzx8j9BBsCE8FjkW9v7M4
2W14ahXD3XBfWJchQ4K5NLXmguWWcTTUTuHDhEzeuvP3	24h	sell	ENTER	1769238003	50484014265	49	2E1WqcEw4QeqypM6reBMDZ9KfYaxer7sMLsd9Ej3kbUKQpTt6bBspFfwMZeinZJSvZaRrvbpawSVtcgy6EoouWVc
2W14ahXD3XBfWJchQ4K5NLXmguWWcTTUTuHDhEzeuvP3	7d	buy	ENTER	1769458791	200415774277	316	5sUmvbVCFfxdwf4cXFcr8pVtRYV6gPsZufRXQPe12nKisBotGDSGeWLrhaKXrasYi9mGwF4iMa77jDvSQ8ME74vY
2W14ahXD3XBfWJchQ4K5NLXmguWWcTTUTuHDhEzeuvP3	7d	sell	ENTER	1769467899	200197522196	192	29XQeEwLouz6HRjC36o4HCdMNeuTWhiph5UNTkdP8kJxAfwyMcfvFDi1DNv2SqBzzRQMrR8gfwGZEMGWUZ3WwS7c
2X4H5Y9C4Fy6Pf3wpq8Q4gMvLcWvfrrwDv2bdR8AAwQv	24h	buy	ENTER	1769176868	54089967550	22	4EWY8EMtGzBSdHyMAV4pDqsXLsfjfJXggs1mwgebgD9e9wBmKoaycACoqYTTXWCTXvEnrJsUt4aK92MHRdKSjvAn
2X4H5Y9C4Fy6Pf3wpq8Q4gMvLcWvfrrwDv2bdR8AAwQv	24h	sell	ENTER	1769167781	53265372936	14	43mhRgwKsGtVfNv83oHe4kmWfX7cYQea5iT9LDu6smroXE7P3R3XwhmwGCXgPwvNaWrJVzix2a1QdvKYjEKzPz39
2X4H5Y9C4Fy6Pf3wpq8Q4gMvLcWvfrrwDv2bdR8AAwQv	7d	buy	ENTER	1769356850	200059628156	114	GUEY1eGif2YuXuWm3o9KkM7QXuasKso5buicPpRkfLfcjT3h85PBynMJ7o8g6MhfmbPP5RYD9A2jCuXyWtnn8zk
2X4H5Y9C4Fy6Pf3wpq8Q4gMvLcWvfrrwDv2bdR8AAwQv	7d	sell	ENTER	1769274342	200279711070	74	67FM1EkhSEvkDqLnKRkb54f7BBKJFwxff9rfGXzKfQk1gv1BXKyWwmmnesT5egKcaNzpwRWtskjbVDrcdpN6VjCR
2X4H5Y9C4Fy6Pf3wpq8Q4gMvLcWvfrrwDv2bdR8AAwQv	lifetime	buy	ENTER	1769176868	10128005000	1	4EWY8EMtGzBSdHyMAV4pDqsXLsfjfJXggs1mwgebgD9e9wBmKoaycACoqYTTXWCTXvEnrJsUt4aK92MHRdKSjvAn
2X4H5Y9C4Fy6Pf3wpq8Q4gMvLcWvfrrwDv2bdR8AAwQv	lifetime	sell	ENTER	1769501795	11826270753	1	47JqVopkNh3dS1ZD7wR18xZrTAb8ZgaTFaZyx8JQjh1Tj6aswgvE9o9Qw2GLKyfZQaQnXMG5Ypph6uB7i1EZavtz
2e1w3Xo441Ytvwn54wCn8itAXwCKbiizc9ynGEv14Vis	24h	buy	ENTER	1769349107	50338539211	32	5jZnhw4u8UP4YyoU1Bbtw6SNtnT9g1zyEw74NvHFiKiCSSZ9jWEtFnevXDJWHRNqmSBe8keHhtPkJcWy29UtCgnH
2e1w3Xo441Ytvwn54wCn8itAXwCKbiizc9ynGEv14Vis	24h	sell	ENTER	1769329973	62664277826	10	2uCfHvFeMkyGbwJXomugJKTJwPrkSPH1dbUTbCPS81Ltv7HcHXGvj4eXzvYMsWJMv44ofJEqkCjJ8A2U98J5Lyc
2e1w3Xo441Ytvwn54wCn8itAXwCKbiizc9ynGEv14Vis	7d	buy	ENTER	1769431452	201463292969	83	4oonMKj41gNRH5ZrkJ5oQky3TBPvrAH7MoWcRu1MfPK9KY2KbQrpZww65E2MNvuvxnPhS26wcSDksgHfz8NBQuve
2e1w3Xo441Ytvwn54wCn8itAXwCKbiizc9ynGEv14Vis	7d	sell	ENTER	1769363516	200608615584	89	2fmYa8pX9LooovW5JcVYk6KMond9T9zTfFg7Ezm4rr84hBQ6ih1tJUPXCt5HxKRuLM5oVq7rKcGdDb4uVaicLtpt
2e1w3Xo441Ytvwn54wCn8itAXwCKbiizc9ynGEv14Vis	lifetime	buy	ENTER	1769430125	10002125000	1	9RPsm4SQP3qq9XJTzCdJLN11C9X5PdrUwhbC4NYFPzDe4tMVJgZbZv5NZ5ZzouZ8fN3UShD8koePdHJSgwPRPkE
2e1w3Xo441Ytvwn54wCn8itAXwCKbiizc9ynGEv14Vis	lifetime	sell	ENTER	1769329973	47426456753	1	2uCfHvFeMkyGbwJXomugJKTJwPrkSPH1dbUTbCPS81Ltv7HcHXGvj4eXzvYMsWJMv44ofJEqkCjJ8A2U98J5Lyc
2fg5QD1eD7rzNNCsvnhmXFm5hqNgwTTG8p7kQ6f3rx6f	24h	buy	ENTER	1769556387	50175556473	91	2Z31JXKLCMtFmztxXrSb7YwmUi9HjTag73AQo7EivjNpFkit7HsJqQHWHfyvyb1zv4gSBvCrHCkSYLy7EmusCDa4
2fg5QD1eD7rzNNCsvnhmXFm5hqNgwTTG8p7kQ6f3rx6f	24h	sell	ENTER	1769556171	50359409122	24	jZKdikcBsSc1D7bmWwifP93Y1Xbx3EeduTFyLjhTt7N9vTs7u38S7jz1zTJ7D8mUDFpHqdkLc8ZryPABUg9CW8D
2fg5QD1eD7rzNNCsvnhmXFm5hqNgwTTG8p7kQ6f3rx6f	7d	buy	ENTER	1769563952	200192981948	336	gsxbKKNQGptHTM1zq67HooAuZXDkYRyQfoDF4Vh3RGnWhkq1YaFEa8sudFZDtshvF8xRqsQrvVL6GnDoKUzBrWC
2fg5QD1eD7rzNNCsvnhmXFm5hqNgwTTG8p7kQ6f3rx6f	7d	sell	ENTER	1769562825	200466124192	99	9LvZZKvSU9bjqWeBthYkomy56op16pLH6WjMY54Eu7KJvLbiqDc1AdQikGia4NTBYMeXeFy6SFNyfto1fWSUkW9
2fg5QD1eD7rzNNCsvnhmXFm5hqNgwTTG8p7kQ6f3rx6f	lifetime	buy	ENTER	1769561807	10015079080	1	2ER996zRp3NokNMJUYKmu1PyUyi3Gua6gfWThKtt4yqjK1PkHEt7Skpoa2ptUcRFrVDkfVirembKXzhsdCez77pp
2fg5QD1eD7rzNNCsvnhmXFm5hqNgwTTG8p7kQ6f3rx6f	lifetime	sell	ENTER	1769562039	15046622615	1	5ppq7o84saP8JDMhbxdAVH4FyLpW3FaLTxHanbmCR9TezFApk26wyK3fRnCBubbz3MPsqaHojwjwarhJYFQZCKwe
2kv8X2a9bxnBM8NKLc6BBTX2z13GFNRL4oRotMUJRva9	24h	buy	ENTER	1769191099	51975121282	22	653a4UsnwcAbC6PMRxWhzqxw1AVgM8npsgWmBBDUjjpnWAPhxT5k1bw7Xuwz73LkhnFwj6yXPybP3h9gyGTtyVd3
2kv8X2a9bxnBM8NKLc6BBTX2z13GFNRL4oRotMUJRva9	24h	sell	ENTER	1769152647	52100314840	8	49WdYm7ZmrmfhCw3zNFFxmgNsire4bSUoNkePZDyRrZCh6aCGNhsNvkgc1gomowg2GDxrLs16Ur4UGuXENFhSU6v
2kv8X2a9bxnBM8NKLc6BBTX2z13GFNRL4oRotMUJRva9	7d	buy	ENTER	1769322497	202031150369	83	BvjBBroJWTMEaoLHaatLeTFPGgVztAY6AhHpNGDfLWEVzgaZSqRQxg3jYL5eK6KiF1hiuuVWKzLV9Sg9T4Gjwet
2kv8X2a9bxnBM8NKLc6BBTX2z13GFNRL4oRotMUJRva9	7d	sell	ENTER	1769283884	200902830494	55	3m4gzPeggorU7Cjc9Jm7guajdw9J1xoUf2AT6QX3HRHqHEeh2BALhCfoqHyUdH17C3HCkS1Xr2jCbUEGE81KbJTE
2kv8X2a9bxnBM8NKLc6BBTX2z13GFNRL4oRotMUJRva9	lifetime	buy	ENTER	1769382764	10013079080	1	JyVeko2Eu8cHAroenJvK9iZETwrH35QaaRCturjxsGZuziNNfA4UEWQPr7SVYp7e6VS7DaETC6H6v5faME8a23q
2kv8X2a9bxnBM8NKLc6BBTX2z13GFNRL4oRotMUJRva9	lifetime	sell	ENTER	1769151573	32450510588	1	4gwLQGdeRukUtdo7egNNaYf5KoWYQ5p5McZ5HVqqFUnMt1Hs2RYAsLxFdXABfg6CuFapq8KTAaae9ZiVnb1SAWcF
2net6etAtTe3Rbq2gKECmQwnzcKVXRaLcHy2Zy1iCiWz	24h	buy	ENTER	1769490894	50889698183	42	aH56j497ncwA8CvW6yAU8Nj97upBYsbN8BsAX48peVzhUD85BjoQJaY6YDCFXtcRVGs9jPV8HV5Bt5N7tE7r3DS
2net6etAtTe3Rbq2gKECmQwnzcKVXRaLcHy2Zy1iCiWz	24h	sell	ENTER	1769286639	52296439746	14	yojRHJryR9CEWUisBoY2A1azJZJHQhMSn1NAHKhEWS5QazGaXb3AYPprCxqHKsGuywUFLMZepEfB85HGGDLR4gT
2net6etAtTe3Rbq2gKECmQwnzcKVXRaLcHy2Zy1iCiWz	7d	buy	ENTER	1769567929	200394063737	131	5Fsw3L46oonh6vDcXzCtaqmedq3tA57pspcu7xoxh68h3i8hRPkkZTKRZFxq4j8WeACKtXPUhdAiCTnequK28agh
2net6etAtTe3Rbq2gKECmQwnzcKVXRaLcHy2Zy1iCiWz	7d	sell	ENTER	1769506063	200822639227	93	5peVBMhCW2aYgC1sjtULcrSHBmtrHp6mgZrETbxKmmo7xoZYkJPBGc65LYijc43AkRtMvT2aVJZRgEKkp1opgn7Q
2net6etAtTe3Rbq2gKECmQwnzcKVXRaLcHy2Zy1iCiWz	lifetime	buy	ENTER	1769518983	10123079080	1	57q9BsGK2tMXsoUGZsfE5VYsndgjYCx9m8AbDe87WkatpyfjttxQzeAcXZnN3sbDokwTEunTkGsFdvmyJ746Ys5N
2net6etAtTe3Rbq2gKECmQwnzcKVXRaLcHy2Zy1iCiWz	lifetime	sell	ENTER	1769380297	13131312277	1	4iK9AXs5mqpYFZosWasD3eDfcCpSf6Dj9QvtEjkKePZzcfvEoJNHvw63ZpBysZsK9FGbpe3QgF6GXq3AdcbJ18Ji
2w3zDW2e1KjYtM2pHTkgh78L8DjMrC6fuB9uhwKNigTs	lifetime	buy	ENTER	1769453484	27004079080	1	3Ev51289qs1xNotekCvPDB88YeJgg5FLj9MSYWQgYTbX2ZPSMm3AtwUCszNatFHLwiaVxG3gMKXoZgnv93gBG5Rx
36DWP52MVRDooYNrcRVDyoCh2R1fPXCYqKJQYg9pFQoE	24h	buy	ENTER	1769363142	50460599952	6	3AwvJnm9yfsG8CPZqj2ignG6xLK6NL4ZzJ8xYZo6pYArxYx5x41Z23SFEQDi2cGmYfb1aueTAAdksKKHcaMK8nAk
36DWP52MVRDooYNrcRVDyoCh2R1fPXCYqKJQYg9pFQoE	24h	sell	ENTER	1769363152	52494350790	8	2XsNdysYqsPb39UisGU3YC9eZkM1euhuoWscW9Tysi5pdgXfUySfEUVnmfpi16AVzJubCY3igGmysGLySFSvrB3
36DWP52MVRDooYNrcRVDyoCh2R1fPXCYqKJQYg9pFQoE	7d	buy	ENTER	1769528754	248111365105	27	3T3qaeDqCpQ93jNFtewCjJBuNhnbKwQdeyP7xL5bXRy16xtrUZTs5SUHG9QJAtjw77LZZTzUtLkNEMkbRAvdu72p
36DWP52MVRDooYNrcRVDyoCh2R1fPXCYqKJQYg9pFQoE	7d	sell	ENTER	1769449720	207888094489	33	2f9osB3g5rTyLNkzsLmn88tfCTpbj44ukFDMdFYAwPimrdhsprB1AVVHTDCftxfDyt1FgdepEoGS1zF9JdCd8oXK
36DWP52MVRDooYNrcRVDyoCh2R1fPXCYqKJQYg9pFQoE	lifetime	buy	ENTER	1769528754	55000020001	1	3T3qaeDqCpQ93jNFtewCjJBuNhnbKwQdeyP7xL5bXRy16xtrUZTs5SUHG9QJAtjw77LZZTzUtLkNEMkbRAvdu72p
36DWP52MVRDooYNrcRVDyoCh2R1fPXCYqKJQYg9pFQoE	lifetime	sell	ENTER	1769443093	10406384938	1	3RrFPqZZSvuNh7Zf1DVsdkuCf93GyhsgHLncYc4rMpfe4BBzMePW1FtsPDZAw1GNvKn9WXS8JWDo8BUo3K3oVmN
39q2g5tTQn9n7KnuapzwS2smSx3NGYqBoea11tBjsGEt	24h	buy	ENTER	1769201408	50178578114	31	21nF78i8q1cGgsKpJiPbCCqG7DsZj6sQQ8URE9kHfQmfdu4WSWhmDD3JenenL4FTKLDaUU81g9n7yt6wWcJC9h7x
39q2g5tTQn9n7KnuapzwS2smSx3NGYqBoea11tBjsGEt	24h	sell	ENTER	1769195276	54333957529	14	4Zv8S2fZViUaR1HKbZMaHJ3nmDUjFryJu2MYuMRnKKwLoxxmEFF5fyG6WPQfujn3vaQjUPdqaqGgQ8RMzzULBKEh
39q2g5tTQn9n7KnuapzwS2smSx3NGYqBoea11tBjsGEt	7d	buy	ENTER	1769449581	201214094794	214	41gSYngDLfaf55LMht9F5nAgMgtHAifKyMMqtWmz1SyhXRZCUvtPWVsWiPnzRZ3aDyLb4cxpmbPk6e97kh2jmkV7
39q2g5tTQn9n7KnuapzwS2smSx3NGYqBoea11tBjsGEt	7d	sell	ENTER	1769314679	204236881147	66	YRV6KXHX5LfYsUKT64Wy78JVC4nstvZ4TBq9JtbLrAkp253ESwoJqexwCqUCZK6i1NvQC4LBkLESZ5TBBLXZ8fn
39q2g5tTQn9n7KnuapzwS2smSx3NGYqBoea11tBjsGEt	lifetime	buy	ENTER	1769194616	10050005000	1	5wK6TuT4vttL8vdr2dpmhsu1mjXpPqLk1qHyJzMRCQzDca9sCWmReSLkJRcLSkcEBMZrHD7tGLB9wabMqbc6yvAP
39q2g5tTQn9n7KnuapzwS2smSx3NGYqBoea11tBjsGEt	lifetime	sell	ENTER	1769397794	12646701475	1	3uMkH1DQmysvL7772CYnzwfaRxkz5tVk2e8YNapPkw9NeZ5bK77JAxgnPiNuSdCkjyVnEh1bymeyDm83taqLhjNu
3AWDTDGZiW8joyfA52LKL7GUWLoKBCBUBLUE5JoWgBCu	24h	buy	ENTER	1769734408	100002343055	1	3kS3DUMDor21C1jcnpLTzfGJpwDioQzmebHLeUaZN7cT2bML932gztS3sHGqHwD53Yi8yuMJNBXBkZ5ZKYXYzr8t
3AWDTDGZiW8joyfA52LKL7GUWLoKBCBUBLUE5JoWgBCu	7d	buy	ENTER	1769734426	220007437501	4	5PUn76N1FyHgouXTVXxp92jjdQxLCDuc3Fvm8VZ8HLAWe6oJoCSAUFJ8pR3M8fx3EGiyXFwwHLdoHNc2vttH32x3
3AWDTDGZiW8joyfA52LKL7GUWLoKBCBUBLUE5JoWgBCu	lifetime	buy	ENTER	1769195415	10002868236	1	5KLyWQ8NDso5LgFCujVpvZEFyAqxw3UPYbzPpTNhTKtYyuy33ZqQvTNU2yfMb7mkrEjdkh1a7jMk6LeUhXuFyQAb
3BLjRcxWGtR7WRshJ3hL25U3RjWr5Ud98wMcczQqk4Ei	24h	buy	ENTER	1769151630	51485122141	23	2H1QmcRKbgBZa4qJQ33MThAfxqm8JhWY56LD7xJTnXmxqWt4VDs5wJtUWdzjBGNkXNsgYCPEZasARjrWt1o5XyzL
3BLjRcxWGtR7WRshJ3hL25U3RjWr5Ud98wMcczQqk4Ei	24h	sell	ENTER	1769164541	57039379696	19	2Waqw9yqx6padvgGTdFbjC6bnA2BKRRUTVZbth1mJpyszj7u7nQ5sboVtEnzG6vHVKZ4bzx3smeBd6YqXoqU5vHY
3BLjRcxWGtR7WRshJ3hL25U3RjWr5Ud98wMcczQqk4Ei	7d	buy	ENTER	1769229440	200575842976	137	4PvWkUSfG1uruUgXppvC1csZaJekoxC4Knjgd38CZn99TiACDVeVtqDeqmiUqz3AJP33uupm83ULjWyW2fd9XkQH
3BLjRcxWGtR7WRshJ3hL25U3RjWr5Ud98wMcczQqk4Ei	7d	sell	ENTER	1769225266	200027808767	43	3XX2E9xKhgsuiEbDy7p43Ls9vXEY4k9DkRTHSKPsLQdJ5TfqfxRqK8TBhNzLjcTGie2b1D3h2515q1Zvkycsv86Z
3BLjRcxWGtR7WRshJ3hL25U3RjWr5Ud98wMcczQqk4Ei	lifetime	buy	ENTER	1769138678	15021534080	1	3XC6aWUvSHSN7rWkgiaxUUmqiZpcRBAox62yo7LyqQFSq5c64hDkSkjnNFk7QyNE1izPEXXjJTqU8W2ie3DX5E1y
3BLjRcxWGtR7WRshJ3hL25U3RjWr5Ud98wMcczQqk4Ei	lifetime	sell	ENTER	1769172887	10979737473	1	64vFV3p2PbSPyd33HS11HydE9emp7nrERYWLcfYcrdR7NqNarvc4bbyHYt88JPMoTx84ig2QFQgUDhq5iQPTzfKS
3H9LVHarjBoZ2YPEsgFbVD1zuERCGwfp4AeyHoHsFSEC	24h	buy	ENTER	1769196919	69018208014	18	4iXh9M8bzYy5rp4sZuHPeowNed17xmCB71Qi6xNod8VfQhUKPtQn3mWXu3mmFkPmda5mHZVWoVLcs8GmKrnqd76D
3H9LVHarjBoZ2YPEsgFbVD1zuERCGwfp4AeyHoHsFSEC	24h	sell	ENTER	1769193695	128337438821	5	35zP9uLUSskH6L6oyo6UdG5EFNntyXrn9YUvssgG4EGSPguX5JwsXrhZxa7X8LRZcPCDBxif1CkDxkWGuwoNjmHH
3H9LVHarjBoZ2YPEsgFbVD1zuERCGwfp4AeyHoHsFSEC	7d	buy	ENTER	1769213365	671027304968	30	5NRnpokDutnma858W7z6YCGkiAhyGLrv9ifvqrKPRrBz8wuWZQSQqpXqpUzwofMzFRNnLvixkw5MTqvTSeACu98Y
3H9LVHarjBoZ2YPEsgFbVD1zuERCGwfp4AeyHoHsFSEC	7d	sell	ENTER	1769206319	220173811417	13	2h6dSvgsXtyfsSrHVdoWq7NCtLbmwWWVHrUpY7s7YoTxxZfofmN7zVhirzcZAcBCgzeec2Zwx9SrBkdMiWFNsmdN
3H9LVHarjBoZ2YPEsgFbVD1zuERCGwfp4AeyHoHsFSEC	lifetime	buy	ENTER	1769139497	12002279080	1	4QL4KZfZDtBiYfC7fEXhxqjyCfsNDy3hMGS36SeksUYxNNmJRWntDLcMVj2Q5pc9LZP3X6esEXJvagHx4sBZbWwb
3H9LVHarjBoZ2YPEsgFbVD1zuERCGwfp4AeyHoHsFSEC	lifetime	sell	ENTER	1769140860	13122213316	1	wawgg3Nd1gxXvj3gomATanYKmntezUsPa6hKhp7qNvAfuYEUBJyzYfcvakB3KssvkdbtH8zd5oVdHZ58S4ub7Xu
3LUfv2u5yzsDtUzPdsSJ7ygPBuqwfycMkjpNreRR2Yww	24h	buy	ENTER	1769152403	51216934875	32	2BvJHXxiFcQLVnF8Tr6zBhT1Bv6zUcbbtumYC3rvcVpuiJ94dpyidBSm2mw2VgZSqvky2dog1tc72ntbEt1yeLbg
3LUfv2u5yzsDtUzPdsSJ7ygPBuqwfycMkjpNreRR2Yww	24h	sell	ENTER	1769151905	50369102316	37	4XnuDQJAkN9TR4k7Vxr2rtdMbGructX4Dx4xo79LLW2VndTj92cFhThUZYEP3hP5VfNcNY8JTvqnFrTsCXQgEiiU
3LUfv2u5yzsDtUzPdsSJ7ygPBuqwfycMkjpNreRR2Yww	7d	buy	ENTER	1769260383	200451553967	166	5hwZceUeshFBSmRHSko1jA5TDqNVAAmHPLUeq5nS4HSMGTg7WXdGQYAa9TUHkTqwan4v2hbXbtY7kBikYKgk3eoE
3LUfv2u5yzsDtUzPdsSJ7ygPBuqwfycMkjpNreRR2Yww	7d	sell	ENTER	1769253839	200600142605	194	5PKFbq9JzhKyZRC1nS9B2oBTAqxxiZU4RSjqG5ZJh5Bs4ihMnJTvwr3ATBwMjN7hdnkBSCavhkMvrQWeK4SmdvyV
3LUfv2u5yzsDtUzPdsSJ7ygPBuqwfycMkjpNreRR2Yww	lifetime	buy	ENTER	1769299805	10032079080	1	SBLwWFVNLrxdr6bAMyruyBGW2Ppg6Dfok6sqh2w3vCrYS4gqGcrxaKdCuM41kQfvkHLJH1peRaWxaHU6Y9gHs4g
3LYtEmYerFPeXgu1c9Y4553oMk2qVdcxiwWzDjzMkwPx	24h	buy	ENTER	1769335226	52228888104	40	3ME3WugGHHCfMrgYPRps9BmLeqPxMwdFg5TxmqNTUgzvmCGPhwB5a8Du48ij2DXYKf43XTkD19fGattJDxyEyMNh
3LYtEmYerFPeXgu1c9Y4553oMk2qVdcxiwWzDjzMkwPx	24h	sell	ENTER	1769335067	51250527731	58	GyPxf8AUn9ePmrmG8itpK3zqi2S7AGkZYNZQ3qXnTqh6kVBHCPhjEAGZaGPAhjd4KdQgcM3qw95vybVZZX8vUpc
3LYtEmYerFPeXgu1c9Y4553oMk2qVdcxiwWzDjzMkwPx	7d	buy	ENTER	1769584174	205927968056	107	5asJD86EZcTUoJjCGU195g4a119kR4p8UaSTYdL3RwdCc9qQVvz5VsfDLRgy95f2oVhXvzyuXZ9J8MABbZvCCndC
3LYtEmYerFPeXgu1c9Y4553oMk2qVdcxiwWzDjzMkwPx	7d	sell	ENTER	1769347036	203042726401	132	2w6auyRQYvdiiLCcYLtePUrWjmVfShP8eEVvjrtkS3HmjEfhRhmNatoufsg7sQMvT1EMbXwz63d2CLmf9awFdWsY
3LYtEmYerFPeXgu1c9Y4553oMk2qVdcxiwWzDjzMkwPx	lifetime	buy	ENTER	1769347500	10760579959	1	4cTuhSZrCbW7CPovhP2rwL7p2MnK65zFP8yLyzkVzU4N58YHitZPDZKP8hUmCiCyjJBfCz91du9wqrTdZUmCRZQ
3LYtEmYerFPeXgu1c9Y4553oMk2qVdcxiwWzDjzMkwPx	lifetime	sell	ENTER	1769597690	10021932630	1	3H9FeG1V14dN5c85gGATPirqBXzQqDsx8vgWHU3ThCxQeCyPVjGjuXzyh9cRpsJk8afYAYETrHS4bg3vKG31ACzb
3bzaJd5yZG73EVDz8xosQb7gfZm2LN5auFGh6wnP1n1f	24h	buy	ENTER	1769210990	57092361852	15	3SpVbjaLBuFHJymP99DJqofTKiSajdHbwgqPMBj2yoyWYx1GXw8upk23P5LuCW1mmkH4aN1fy4zEPnaZJ95EPux5
3bzaJd5yZG73EVDz8xosQb7gfZm2LN5auFGh6wnP1n1f	24h	sell	ENTER	1769210518	52366154875	11	57skmNoTb57TLVuVwjspw5c85SUeXv1xhbRXUBUwUDkRwLfykLoX7TBmMTWp2VjkT1AHxqY4t646d6MaFo8m2yiW
3bzaJd5yZG73EVDz8xosQb7gfZm2LN5auFGh6wnP1n1f	7d	buy	ENTER	1769364482	201009270826	71	c879b779pZDRtbz1TbAnCdHjA9EyDeWW2hxzKMx9eGwcbSLQMarKkhPByhZPmyKt4WmJpgWg8jnacSDfMyG5eQJ
3bzaJd5yZG73EVDz8xosQb7gfZm2LN5auFGh6wnP1n1f	7d	sell	ENTER	1769379446	200109466142	55	3uzN9Gp3iAeM8pkFHwBrjmV8SVKnfmgDBqvkZasLUJwotyRTRsyYN5v6AeZjPrnBir2aaAMUzsDJDfqjjjJyuhf8
3bzaJd5yZG73EVDz8xosQb7gfZm2LN5auFGh6wnP1n1f	lifetime	buy	ENTER	1769210984	10103005000	1	3aqx6xLwRoD5W2CK5DdqdgoQse3DViePbYLbdsDyzEY2AFNGgnYFqS2r8gxFYFBhp2upfHBxmHmpsZhHiJH6pRrd
3bzaJd5yZG73EVDz8xosQb7gfZm2LN5auFGh6wnP1n1f	lifetime	sell	ENTER	1769210513	25039968004	1	w4UwdcUzx8nQi4DUTunPbUJurMbrBgEnMmsAvj4sGZuecSn5nAAPnf17LiZZnwqTHgg7B7ZnE5HFLRQgqzCtAup
3h65MmPZksoKKyEpEjnWU2Yk2iYT5oZDNitGy5cTaxoE	24h	buy	ENTER	1769142243	50352804010	54	VmgW8yUFqchNukMQ5GC6GPBmG2nWxCWtjJNco1gfFy3XKTbD4kmnHqNYES5jnVJYjiuj8kmpPiCyGVuzPnCPLU4
3h65MmPZksoKKyEpEjnWU2Yk2iYT5oZDNitGy5cTaxoE	24h	sell	ENTER	1769145457	50460547802	23	aYEr4K7vdbofkCEFuhRqWe39euFGCDkHkeN1b3xwnczKP1eBvxXc2cph5MAt81TmpJhCEYg5jwD3hGxCRHyuwro
3h65MmPZksoKKyEpEjnWU2Yk2iYT5oZDNitGy5cTaxoE	7d	buy	ENTER	1769202643	201208356483	179	2UPpraLLJLWTmCLiKH6br2xWUPHvkFWUYw51VTy3k6VaXo39K1QmLbjNRnhY4TPpqkdtVUqMnQyY8AyvhN6W6QkJ
3h65MmPZksoKKyEpEjnWU2Yk2iYT5oZDNitGy5cTaxoE	7d	sell	ENTER	1769230569	200974414174	74	2egJN9Ma7FE29nUSnXNeABM8Bzb8KSff4TfsHZmoSBwAzLo6hReS3wKEw2HP1wz6kQsby8qDyAdpD83XwYLTDVm1
3h65MmPZksoKKyEpEjnWU2Yk2iYT5oZDNitGy5cTaxoE	lifetime	buy	ENTER	1769280494	10008005000	1	5a4cRzSntAFXC7uGxsY3dvWHGZ61KBKSuY1YDM4xA5W7Kmwk41oh5tGYMCNp9oQf8CHtsJNEpC2V9nBtVxRxE2xx
3h65MmPZksoKKyEpEjnWU2Yk2iYT5oZDNitGy5cTaxoE	lifetime	sell	ENTER	1769194746	14537543171	1	2xd59BU1JLHp7ZpXvDswJRsGCxNKW6BsnCc9BBDF6ASsdhekBdTgjBtwkkxX58ozmgxHX42nCxCzR1ACX8w1tEfc
3jzHjoPKaceZjA6AqAWka7Ghw9F3w9k9cvjGTmybdioT	24h	buy	ENTER	1769448670	55627152180	11	3DvrC993KVzrP2LZEnJSurWg4qAskPodoBacd2nPrR2jLBCkzewo8xj4L8BNQZRaRcYXEz1fGinzFE9a9pMUKioY
3jzHjoPKaceZjA6AqAWka7Ghw9F3w9k9cvjGTmybdioT	24h	sell	ENTER	1769282935	56025366509	10	3jcPNU55ZoMEUmysLd1UmjJZSWz2scXDa4HZLtLNo8LoVpob1vcnBWswVUTaZQ6eqo1dwDFBcQj4z51c2GSqgJS1
3jzHjoPKaceZjA6AqAWka7Ghw9F3w9k9cvjGTmybdioT	7d	buy	ENTER	1769531262	216310597580	26	4Hj5K2cMfyLdT6HUAAD3HYJ7NfGGVcbYqZL5raPhPJUYCBpFRKPQPLk4NWPHhf2FmyXRZd1CE8VWpcrmRe3Pz2AH
3jzHjoPKaceZjA6AqAWka7Ghw9F3w9k9cvjGTmybdioT	lifetime	buy	ENTER	1769212724	14147079080	1	3fEbNQ12sc5DgwFYzdLbHNSBKD9LhxFbMUDexRZkEPE9AdYsz42aAuCKTNSQqPhyXdrXL7QzV2Lp6m5PHzqtzr8o
3jzHjoPKaceZjA6AqAWka7Ghw9F3w9k9cvjGTmybdioT	lifetime	sell	ENTER	1769197050	13841374898	1	3qTvshVSov5EV3Wv5agKbHMZxACKS8ipe73rLs6iK6HXdCMqkbrMjuY6SPmSLBp7CTjsGmEFGZyFH9C4U7VjiXBB
3kebnKw7cPdSkLRfiMEALyZJGZ4wdiSRvmoN4rD1yPzV	24h	buy	ENTER	1769284311	124279439110	19	5ayRkFoqLbBMK5LweEVZw1KamtFg4qcL61HbxcA5VERCNpJZ7VQKP5R7ntHuf2hAnmCiwBXtvokWqNqDJVu7r1PB
3kebnKw7cPdSkLRfiMEALyZJGZ4wdiSRvmoN4rD1yPzV	24h	sell	ENTER	1769452185	50753253951	18	3ZLo8xq9xroHoathaixSz6xbbaL6K68cdApEFidEkE9rBMJnm9bSdnX6wQMiKb1AL2sdQxDyWuGK4XW5uem4eUoL
3kebnKw7cPdSkLRfiMEALyZJGZ4wdiSRvmoN4rD1yPzV	7d	buy	ENTER	1769445720	201494365916	31	WYHmsJSj9QCtU88ebLPnKYSexikaDnnMYWYuLFBUJ5x3eWRa9Yuxe2UYwMnQkUKZiYSxEZ8pcgV6WtSi5RrrowY
3kebnKw7cPdSkLRfiMEALyZJGZ4wdiSRvmoN4rD1yPzV	lifetime	buy	ENTER	1769284311	101009044280	1	5ayRkFoqLbBMK5LweEVZw1KamtFg4qcL61HbxcA5VERCNpJZ7VQKP5R7ntHuf2hAnmCiwBXtvokWqNqDJVu7r1PB
3kebnKw7cPdSkLRfiMEALyZJGZ4wdiSRvmoN4rD1yPzV	lifetime	sell	ENTER	1769454228	15232366603	1	GUKyN9ZuKxV4UwCEPi7wTKNUwMfVTxE5ut5939GxjpvYkcTL8AwgdKqHd5EdzA1GUt1CNev9JUgqZ8xHq8zmU7L
3tkVLxjhxZoJLn8aRHt7yG6UjpjYjnKpaDQ1ijY6Ur6B	24h	buy	ENTER	1769198081	52844427463	37	2cT6gs115gu3Gafe3awpcFsQ5iyTqeJZ3kuFwFM9q3DKsFfd2bAVURXEK2uXpuk7ENyuve2wrZKziajcDZLnmZ5F
3tkVLxjhxZoJLn8aRHt7yG6UjpjYjnKpaDQ1ijY6Ur6B	24h	sell	ENTER	1769197249	51510432676	30	3eVFCpSU8mACN3WN4zCNC7MLjHsKbEW4MeKxKUyH44vRt5dCt9R3M8BW8dDYLnyy2jZFDrgaCy2R4vHcJfEut5mc
3uz65G8e463MA5FxcSu1rTUyWRtrRLRZYskKtEHHj7qn	24h	buy	ENTER	1769258865	50340010041	22	xJTRMLAc8V8XJnX7VQseB496k8Zz7dCKQwpgnEsCXnkNEcVaXw22etXhsotLFwqeuV9k99WU7FtYP8sdSUCrg1G
3uz65G8e463MA5FxcSu1rTUyWRtrRLRZYskKtEHHj7qn	24h	sell	ENTER	1769200609	51429108608	22	2VnEgUy75RoWYrWBrj36sntnvFJh7sc2Bk2PzwdUfzqi4cRGqxUqh44k3hpEYecrei6UFJ9iqUdZNJQgPGwGjgaG
3uz65G8e463MA5FxcSu1rTUyWRtrRLRZYskKtEHHj7qn	7d	buy	ENTER	1769610664	200389409535	100	2bECkVCkQmUR6g3HrsSDCyYhQyRzuVJkUaa6wv4jxBAXFE6AJdixUeeq4tNrqh96pE2G9qivKQb8vg772oLTHnSG
3uz65G8e463MA5FxcSu1rTUyWRtrRLRZYskKtEHHj7qn	7d	sell	ENTER	1769540813	200149327590	110	4T8vzNhiPvoCgqnqGdLiz97QLR8boZUy7Y4WSyXXLeVoUFZxvtWYn3j6QUvZPnaj3uTND1urjHHen8jRnXrnnhJR
3uz65G8e463MA5FxcSu1rTUyWRtrRLRZYskKtEHHj7qn	lifetime	buy	ENTER	1769194731	11013075770	1	3TiGekBE3kUt34peeA59DQZpm5Svp7zPQTNSZcLsvcmhEBpwMxN388Wgq4F8NZCrMJwVih4aQfsyFTCtTyRwSpPn
3wi8waD5A64D7PLutUYJdhMcrYvDBTqeh3CRFgv1hFtY	24h	buy	ENTER	1769196692	57625662300	7	5foxDcnU8ATUYUtwTQdUh9G9EwhfATKYZNkPSfkkoPg21CBoq33c1qQfsdCtvR17UcniJa15N5T3E6wRc2Fmb7MP
3wi8waD5A64D7PLutUYJdhMcrYvDBTqeh3CRFgv1hFtY	24h	sell	ENTER	1769221624	61051219877	9	opPEnCiQwnmpTLAXvTR12KvhbsRkoB1nNkor9vijs5owXzH99MyjZspV337BCsXtFz4fxCwPGVo8pJ6wQk8HeAz
3wi8waD5A64D7PLutUYJdhMcrYvDBTqeh3CRFgv1hFtY	7d	buy	ENTER	1769283665	212405485481	30	3B8AbddhSoW5iCi18KADoL4qubqGtypYzWx8QgmNPMLHdDiwV67ZrVvQQNfFW3mvkdycJHH5xLnR8zJ8zVMQUqaa
3wi8waD5A64D7PLutUYJdhMcrYvDBTqeh3CRFgv1hFtY	7d	sell	ENTER	1769285696	210225434622	18	4jHsstcrjd8J8udSB19dHXJjJvRT7hK4sSpXgjSfLJHfbeSwrfegnNAVLSULkPB4wSobs9Nr3YePsQyzfPSuSBi9
3wi8waD5A64D7PLutUYJdhMcrYvDBTqeh3CRFgv1hFtY	lifetime	buy	ENTER	1769173729	10225005005	1	61d3YhkYcgtCUZSZ64PX4ENEXDHRxkzDBgBEeBAXq6pC6fupeKK9v1nXiMQ7F3AmSPKMhtPJd7sJVjeG81srqykT
3wi8waD5A64D7PLutUYJdhMcrYvDBTqeh3CRFgv1hFtY	lifetime	sell	ENTER	1769221624	33259906194	1	opPEnCiQwnmpTLAXvTR12KvhbsRkoB1nNkor9vijs5owXzH99MyjZspV337BCsXtFz4fxCwPGVo8pJ6wQk8HeAz
3wjyaSegfV7SZzjv9Ut1p6AcY5ZdoZjmu6i6QPCVvnmz	24h	buy	ENTER	1769345019	50296476991	90	4fF5yjVkVJHedX2sLzW3TiCn25WL3ZhKmKATYe4qwcf179zL35Ls4d5dGc2GoJXbsVneEqsPeJT7VFYe6DLiS1hV
3wjyaSegfV7SZzjv9Ut1p6AcY5ZdoZjmu6i6QPCVvnmz	24h	sell	ENTER	1769344948	52067023071	32	4CrRHoxeBUZEXHVUL7MkQdkqH9o67DcnyZmdQieG6YNSN1B44FWQY5EVvKwHfJ2royDeMo9ASjiBXXsm1e3M4WMx
3wjyaSegfV7SZzjv9Ut1p6AcY5ZdoZjmu6i6QPCVvnmz	7d	buy	ENTER	1769424583	200087439043	474	4LFnJ5gs8NcurR75drkZomQaXSqLqWb2weYJqhi27YQvWdy9yzQn8dc9ezjrtWwBvA7odtr2YRdTxk25xbJrEcVC
3wjyaSegfV7SZzjv9Ut1p6AcY5ZdoZjmu6i6QPCVvnmz	7d	sell	ENTER	1769423692	201149918965	178	2tsFWf8UmUFLJE2WVy1RPMFS5JgnT5NuWwNiJ4c5CW9pS8W7K34vmiBXjwbJbo4hqKhBrRmB1uAYVgmmpizV12DA
3wjyaSegfV7SZzjv9Ut1p6AcY5ZdoZjmu6i6QPCVvnmz	lifetime	sell	ENTER	1769434931	10891125472	1	52pJD6EBfJeWCfYUoRL8nFhktbBi2AvQn4UnC3CTgaXbTVgyXxt7oXx5MLD7tFdSrxJxvrMQHQ2BktriosbysMmk
3xRT22ed5V6gKkR16hcL2H5GEBMu15givEH14ZsTsv8j	24h	sell	ENTER	1769661688	55306751815	2	4WuFJbxzw3ynhYGhqLeAsxWUuZpQKFc7WycjVdvX8dPrqpdMUCCoZCszSLi3CkqWHkZLVfU5sBHoUHcHAbEcjwVy
3xRT22ed5V6gKkR16hcL2H5GEBMu15givEH14ZsTsv8j	lifetime	buy	ENTER	1769603811	10206252290	1	3jBa87HUqMZJBCTYmzuutJz5TQvBh5k9PSUgW9eFHNCX7jhqUAzSiwQhkyHvnjpw7ZfgS997NDy4jz993kRYQq9i
3xRT22ed5V6gKkR16hcL2H5GEBMu15givEH14ZsTsv8j	lifetime	sell	ENTER	1769618697	11273096736	1	3yzK7gJELebgVPt7EwEhPoJ3SJR2JVJ47Hg8mmhQAREQq6mgmwJkrgYcqU9bs8aroJW6TauTTiAanoxy1UoHE36F
48kx1v5iNdpwmWKAcfwNKL8brRCZqATJrmrCAw8wnN29	lifetime	sell	ENTER	1769678897	19491661832	1	5EGKsCgQuC29hj49cvFd6kF4sw3uhrrxb1TnHyuStMUL6QV2hysyJibTQWKKMLiGrsT6JmUcg2Cpi5ZsTwdttr9s
4BdKaxN8G6ka4GYtQQWk4G4dZRUTX2vQH9GcXdBREFUk	24h	buy	ENTER	1769185570	50544790550	36	85LJsAfuJx8wbZs8SuRNxTxYZDwU933HdQ5Z9efoM3SPWbizDLRLJJLza5cvCwJYAZtdeuoT6GVjNZbRET7Ydw9
4BdKaxN8G6ka4GYtQQWk4G4dZRUTX2vQH9GcXdBREFUk	24h	sell	ENTER	1769182833	52269988231	16	41NukR8khrEW11GtnHPLf23uAjTi3dNBoopckrj2yzty3Rt4QkJT7A3dYUki27Cfga6QbU84uYnbvuKfpj5rtppy
4BdKaxN8G6ka4GYtQQWk4G4dZRUTX2vQH9GcXdBREFUk	7d	buy	ENTER	1769263390	200182012174	138	PBkS8y459qmGLdSCLcq5esSMsabohT9UcM6upxxDNDuxhWk9oWBN7vUpiVkoR9j9TQTjYpDJzQ9Za4tk7kpugae
4BdKaxN8G6ka4GYtQQWk4G4dZRUTX2vQH9GcXdBREFUk	7d	sell	ENTER	1769195291	202305955111	65	kYp1FtDXTSEpUYZrfXgDkq9V4LP3XP9E9urAWQuDn898JqJYWYbzg97Xev4UbpcdP3c7NZNMwgPQECcJNjfuD4i
4BdKaxN8G6ka4GYtQQWk4G4dZRUTX2vQH9GcXdBREFUk	lifetime	sell	ENTER	1769447015	10771586852	1	2dHbTviLmkgAQnNXsnRe6Ab2eCzgb3aMZcyLau7mvhte1y9BkmJf3MowhJKviJ5YBJDmeHz9BbacS4VgeTZWDnJm
4Be9CvxqHW6BYiRAxW9Q3xu1ycTMWaL5z8NX4HR3ha7t	24h	buy	ENTER	1769285520	50004832922	3	4gvFubJuquxDuoAeeSQnLZfhJX94DePe5XWxZBPiK7n91VhcWi6JMqEg8A4MzYXMtLvbPPZcUXAeYe6cp3HKjAA3
4Be9CvxqHW6BYiRAxW9Q3xu1ycTMWaL5z8NX4HR3ha7t	24h	sell	ENTER	1769567412	174066411753	1	2qygGkimqGhLH4Zqe13fzvLwur43hh9iLq9rc3gKdb84XG2VTUXxefResVqMvCRqTPLeWfYuUNm6oBp8q3GiCJBw
4Be9CvxqHW6BYiRAxW9Q3xu1ycTMWaL5z8NX4HR3ha7t	7d	sell	ENTER	1769567412	220410422887	2	2qygGkimqGhLH4Zqe13fzvLwur43hh9iLq9rc3gKdb84XG2VTUXxefResVqMvCRqTPLeWfYuUNm6oBp8q3GiCJBw
4Be9CvxqHW6BYiRAxW9Q3xu1ycTMWaL5z8NX4HR3ha7t	lifetime	buy	ENTER	1769256602	35002291743	1	4HLwihy9ViDn3SrS4AsuDbHvqPrQSzMkAJZb2Kqy5EUpLcNbxKyC1KZAUuk1xJnpBJCNXsgVAGz79mQ7v1AC3B37
4Be9CvxqHW6BYiRAxW9Q3xu1ycTMWaL5z8NX4HR3ha7t	lifetime	sell	ENTER	1769288644	46344011134	1	4ik3JzqDzxD3XPgBEnXP7T9NigUGQMgJFUfuipgCnFvQetfqL7GoEyeMVcKebSUJBpUqtRFwbZxwJNNj1AiU5NqA
4CqecFud362LKgALvChyhj6276he3Sy8yKim1uvFNV1m	24h	buy	ENTER	1769187196	52308375900	11	4curBCfGhCiocVVmZpacYmur8tdS3QQ4qgBVbAh8L8p4Xivmq4efo1HTkDcx9popoz9G8ptmfu8YgCd1cDRPSmA4
4CqecFud362LKgALvChyhj6276he3Sy8yKim1uvFNV1m	24h	sell	ENTER	1769200910	51896748136	9	EeveQLbGS4VuSdSHxQFaVXeWMG6R7qAiGzAT5SuTd3LuCBjPzFhkigbVZsSMmKmnweDg4dJjD1SMwfrtQnrv8V1
4CqecFud362LKgALvChyhj6276he3Sy8yKim1uvFNV1m	7d	buy	ENTER	1769445502	201791186780	45	5nk2bVdzM6bpbzjK2XFoHvmVZLkTAqsHVbGnrsGMDu1EBsZzR4XiBZfd1R9svLMBBX1gmiv15gEzZ4cuU6rGN77u
4CqecFud362LKgALvChyhj6276he3Sy8yKim1uvFNV1m	7d	sell	ENTER	1769377782	200235463157	39	26HKbe6vXgjWnSRyyzeUXiouYPfXXrvBYm3Z9yUQGuew5jnV1Ngi4WJzv2dezARYd3y1znZLqVQTpgwmjzvk3uZY
4CqecFud362LKgALvChyhj6276he3Sy8yKim1uvFNV1m	lifetime	buy	ENTER	1769142969	10032079080	1	54H4rvxC5mbXyK6TepB6snyou1sjVcPJJqz9Bop17TKyuuas6H27BrfMPCxuXn6N2qxkMXAUctRjnXgSMy8n96q6
4CqecFud362LKgALvChyhj6276he3Sy8yKim1uvFNV1m	lifetime	sell	ENTER	1769186243	11222018406	1	5Nsayk2jmxi58w7mG6p8nPeMfFFCGUvMVmnaYmf6xx2vEy6Q38NC5CasywZbaEsgFaWPYvNop1Ar18yJFtowpENu
4DdrfiDHpmx55i4SPssxVzS9ZaKLb8qr45NKY9Er9nNh	24h	buy	ENTER	1769236626	50265085799	69	4xJojdELNsFtDpUdPZ5KTn6eAHounv14EJr3XtExkzKTEoXez58xdUqSdEFRXzs3sypttHKC4ZAzK7Dnybx55znL
4DdrfiDHpmx55i4SPssxVzS9ZaKLb8qr45NKY9Er9nNh	24h	sell	ENTER	1769236633	50778058384	38	5LLVYuJzpK7eQNCXeoZTAyf6w9Re6nfstFVJL62CRNXJ4BZu9u95MLXARSNP1Xn2gy6TCnYV9L1HXn6rEHT5k9Px
4DdrfiDHpmx55i4SPssxVzS9ZaKLb8qr45NKY9Er9nNh	7d	buy	ENTER	1769354046	201515320909	224	56yQ4cKVRDzsruwcvPVWR4e4NC1PTg3s7dnXVqyRNgFNsWPj95b2VjTnWyLSCxdhj3MZMMiZnA88NQ3y31JCqEZW
4DdrfiDHpmx55i4SPssxVzS9ZaKLb8qr45NKY9Er9nNh	7d	sell	ENTER	1769354023	200440613825	97	RRBv4QDtgQFMja8sFvJVmUxsHygphiLRLDMReqQfFiqFpc24bjuKZ5DDJZ9MVqEe2Ch39QGFUcUNhtVegqjpos9
4DdrfiDHpmx55i4SPssxVzS9ZaKLb8qr45NKY9Er9nNh	lifetime	sell	ENTER	1769408160	11348150752	1	4AeYATN5QJmPKzWrXbwco8z6Zaz8DnWXTAyyZXN7VZExAuq8epvSfCLTrKTyQZ6WZTQUNQbQrDA58th55iDqndEw
4Ff9dbi9L93qMvevpESY4YLHtdqTd8Yj8jXj3VwCNY4g	24h	buy	ENTER	1769447983	50188166695	38	3RkWVgQvsxJ52nJhpNDqMdeEuCoeHAuFuXcxv9JQ6FKYnUmJ8StuzDJYCZj1QNCkvsJTEZSe9hcDoURYerkA6Rjg
4Ff9dbi9L93qMvevpESY4YLHtdqTd8Yj8jXj3VwCNY4g	24h	sell	ENTER	1769448897	50402584246	45	4MVdoPPtyNjYfftjFFoJ4pfFMhiqic5xg1kq9ekpRbXj8HrdhbZ1DT1aG4YAGNQ4C3yHcRKUscSVPdMiJEUw2xPc
4NtyFqqRzvHWsTmJZoT26H9xtL7asWGTxpcpCxiKax9a	24h	buy	ENTER	1769186545	51368069251	15	3GVLuBc4wXJoSH6ozjrjN6WL2zHb1e5KjURyr87uinstVzuxGLZecWbxkse16pnAGcLhE2nGfyXbcvqAoAUnMMAS
4NtyFqqRzvHWsTmJZoT26H9xtL7asWGTxpcpCxiKax9a	24h	sell	ENTER	1769186961	51025296565	14	3YijP2a83yXZN62AB44oN1CzgmyiRPqjT9ZEpuB252aMPFyTVvMzXPDwCdawT2gTCknQAuKKiDQteiRbDP4427eW
4NtyFqqRzvHWsTmJZoT26H9xtL7asWGTxpcpCxiKax9a	7d	buy	ENTER	1769292247	201352861805	50	JzcMypV7rGwWy9wkgPajTR4SWztMyq77AXHoNbuLDAzGtbzmqnRKJcrdzxTw4WYpAUKeP42pL21VdfxT2AijMAv
4NtyFqqRzvHWsTmJZoT26H9xtL7asWGTxpcpCxiKax9a	7d	sell	ENTER	1769292424	201117189187	60	ZS4wXGRVjR9iNtQZa87JfKfbM2ie41srh3mAuCSW9M3RnBmn3KmZ73qb14Fhzo9WgW35E7qJib7sEeB5wDycKM3
4NtyFqqRzvHWsTmJZoT26H9xtL7asWGTxpcpCxiKax9a	lifetime	buy	ENTER	1769182980	10002005000	1	3u3CnMewWMq4stmaKQksS2hTY8tm74HakyLCaVNn8kt15NKUtvQ6g2Xn2HpRGMfQAGkumxdqVrwowcCnbxHn1C57
4NtyFqqRzvHWsTmJZoT26H9xtL7asWGTxpcpCxiKax9a	lifetime	sell	ENTER	1769195349	16827405128	1	5dFkKuadnhtobvGZPyr23X9QtRaRpT5T4C3e1P31YgjcGHBFcZgmTGySiTQRHDBPqbSkH4sbNF7wmw8fag1Cd8oJ
4SbDMrX8Zfj7qZtRKTBSQEavPkc7BP1kiJfT2f3dn8RL	24h	buy	ENTER	1769357836	50900220906	72	4CGM93m3DgACzh5ZJxf7n2T7Xnb8HCYuoyq1yF8Wq8j4GchuiYsp8KYowVR4guuZxWqXUgKn1caLwwgR7TbuCRqL
4SbDMrX8Zfj7qZtRKTBSQEavPkc7BP1kiJfT2f3dn8RL	24h	sell	ENTER	1769347258	50773096382	56	45UzjonfZC9dUqg5cJUSY5M8uPB8UKUN9guAZ51giEbCgVaZqHw26G77wwzwnddAnyMiEKW8j8cYuTWFNZoSfnkz
4SbDMrX8Zfj7qZtRKTBSQEavPkc7BP1kiJfT2f3dn8RL	7d	buy	ENTER	1769606214	200617985260	252	3ncNQp8zSgrNHHoaXLWfbc3atypQuv9BB5KC35zFethnWC8ic49mdJpfu3ZMBNftArANkx9nU9xz9gAkGPjYmYtJ
4SbDMrX8Zfj7qZtRKTBSQEavPkc7BP1kiJfT2f3dn8RL	7d	sell	ENTER	1769468849	200054241673	200	5sP6p6vHMAGmRK4oaENYjgEbYnFpyYTLrDz9wUk3KB2uFQU5W27i9LqY4PhitN9BYJHPc1u6hMaLD2fKszqofG9G
4SbDMrX8Zfj7qZtRKTBSQEavPkc7BP1kiJfT2f3dn8RL	lifetime	buy	ENTER	1769684124	10004044280	1	53K8eSppUZLRkWuSU5iVumq9Vw7H9kxwgpyV7PmqfFPJmeDGBbVdgVJacDWEdMkCjtco78nvAFCEdpQRmSAwgypg
4TS24wgLBMucbZt7zqhM3KakXwdNTT2ECxDXEpsn5AhZ	24h	buy	ENTER	1769529470	51452805867	26	5fMvWypTKkL3PzuWNdoeXvWjytYeJujN8opgVsCXLxtXE4hCW5JJtuJLyjgY1Vq3aB2UauMPrfLheCZ1rCGo2Q1c
4TS24wgLBMucbZt7zqhM3KakXwdNTT2ECxDXEpsn5AhZ	24h	sell	ENTER	1769527871	50118720739	33	55HWQb2Tccx56cqqgFf2uumZdbZwXeRLBLLqGvi4oy9bbboTReuuv6ANmHKsQeCaKLDfTUP9y1ZNtacctgCCvymR
4TS24wgLBMucbZt7zqhM3KakXwdNTT2ECxDXEpsn5AhZ	7d	sell	ENTER	1769729292	200068815329	115	4rCUfGtxwAJKXRGtkakraorKXh65ZgPU4WgVVdPCLuaDNGk7Pin5qseRWQsgFZzB3UFoyprCfvE5GktJtYSqk8if
4WPTQA7BB4iRdrPhgNpJihGcxKh8T43gLjMn5PbEVfQw	lifetime	buy	ENTER	1769565042	15002114842	1	4GVfyTxQEUzaWwi2PoQX8JzxCo6bNzuCX97rdkP9kRXLgXJetEj1k6cdASdQUM7u3jDVQ1mPUgsH6Z4F2qCubLsJ
4WPTQA7BB4iRdrPhgNpJihGcxKh8T43gLjMn5PbEVfQw	lifetime	sell	ENTER	1769653639	22717394131	1	bk2m4FFrwvwFoWRRWxPjtokFWUKRkbhLHe3KNzRqHLKwQVyesFBJGBcRPR9K8TDDSVxSrLPW1afKLAxMEWeDiSG
4YzpSZpxDdjNf3unjkCtdWEsz2FL5mok7e5XQaDNqry8	24h	buy	ENTER	1769263687	53560875861	23	AjdAiefAfZ3NMVnWbashXyRaFsMWfNstYQXfAthPoKLADfb1zPkdKKfUWhbPSgYr8CVm7KvaAviWqHVkeLYns7F
4YzpSZpxDdjNf3unjkCtdWEsz2FL5mok7e5XQaDNqry8	24h	sell	ENTER	1769256907	50803984192	17	59AWYUVGQ4AZLEnkTw5LxbmwWrM9BSHJHkoMfnw8wHrji6BugVQ2pW6MJwdCoXdeuZK27DJEGUvDQeBy4So8FhZ2
4YzpSZpxDdjNf3unjkCtdWEsz2FL5mok7e5XQaDNqry8	7d	buy	ENTER	1769331211	201739152404	94	QianGiDGvLTosV3VJEYPEs7zShkTuJ7oPrJT36ySwVauEgJgmG2fwoa1FNGGxhdsvExzrNz6LzNuMku419SJHY3
4YzpSZpxDdjNf3unjkCtdWEsz2FL5mok7e5XQaDNqry8	7d	sell	ENTER	1769329042	205838085867	68	42aJqwvehtUzAxJQ26y72ui1ii7eH55KRvYbrLcZN25h3UKaFUWq8nRpQEDArib3zpUBUAbnaHPussWFEH7hFy1z
4YzpSZpxDdjNf3unjkCtdWEsz2FL5mok7e5XQaDNqry8	lifetime	sell	ENTER	1769345674	11998619907	1	3eHJhTWwG4m24HEpMx2QmUH7s3NSdhp77DGSQ1nisRi3Lod2f3uD1JjB5UJtPUPPudejgYKNPDiHTvX1YtuX61Cg
4cXnf2z85UiZ5cyKsPMEULq1yufAtpkatmX4j4DBZqj2	24h	buy	ENTER	1769171013	50409976070	18	38tbU5k3hWncQivpN9rPm3wyHhrBZcxvvLgw2M6jqeMrgwzgYaMhWVMLpCRT5F3Vr1VyuczkRkotuCeNDKouM12j
4cXnf2z85UiZ5cyKsPMEULq1yufAtpkatmX4j4DBZqj2	24h	sell	ENTER	1769175739	51893637072	16	4FXiuPw6FCJYWkyuGTrLKS4pDSeUgTotr9cgC8pmXUcuFasu1aZBRvLqAuujJLb2QGwPFmd4nNqvEMeKAjRE89qd
4cXnf2z85UiZ5cyKsPMEULq1yufAtpkatmX4j4DBZqj2	7d	buy	ENTER	1769190091	209699807863	57	2YE9qrKKBn4daHEznYTY3C2HkLX9Dod6nfiyEFaADJN79FHXsmqFgNHx1pBNMejAXURFJizSEcz55qxXaGLqSz9j
4cXnf2z85UiZ5cyKsPMEULq1yufAtpkatmX4j4DBZqj2	7d	sell	ENTER	1769194307	200557738812	62	28Vu4NL1CZ4taE41LQwWGs63WcHFT394hKsc3XWZ4v8KQFcZUjRxSYuYtZcNwd7SUHxY2v9SJ3Ko1UQk5TVCWfsW
4cXnf2z85UiZ5cyKsPMEULq1yufAtpkatmX4j4DBZqj2	lifetime	buy	ENTER	1769158778	10032827694	1	66JJ8BASP9LUz9eSyfnhHR7uMzgk25QwmTUwEun6vo4LtNP3eNZPvs2NCFBRK7RpfLfSsLHR3WPdTWRVoDZvT74U
4cXnf2z85UiZ5cyKsPMEULq1yufAtpkatmX4j4DBZqj2	lifetime	sell	ENTER	1769164452	10035496095	1	3U6JUXikzHEaHMjiV9VPaUaX6m3K2TUdiqFQJKzTAKjTf9vXu3cgAm1rPjx8ZSHdE6jPqDUmqYoELqVLkBou14eu
4fZFcK8ms3bFMpo1ACzEUz8bH741fQW4zhAMGd5yZMHu	24h	buy	ENTER	1769377091	63688936211	24	wL4p1Xg1Ay5NVhi4nbaKmm8KNm8RtKNVqJFWiBPAZLfvqHBBZ6JQ8kqPDoSko1dGx8LbXb1MexPMyUPDCLoQMhC
4fZFcK8ms3bFMpo1ACzEUz8bH741fQW4zhAMGd5yZMHu	24h	sell	ENTER	1769377106	63444618875	23	Lgm4rAWZY7r3rHFXH1KUmKWvF5QjDiK8t1npYi6GMqKaQhhmgXaBrWPPE1eWRFRhBXYzpKNvq1DFeXnFEZJ17Su
4fZFcK8ms3bFMpo1ACzEUz8bH741fQW4zhAMGd5yZMHu	7d	sell	ENTER	1769633749	204361110833	58	41aGtBPpJrFfWppY2DWz2bCcFgumZksAQ1HYH29x9xyf1K1b2i78ZqsjqGb9HvQ1DywECKpPcodu6kr1Uv4YYpgp
4fZFcK8ms3bFMpo1ACzEUz8bH741fQW4zhAMGd5yZMHu	lifetime	buy	ENTER	1769377091	30010778973	1	wL4p1Xg1Ay5NVhi4nbaKmm8KNm8RtKNVqJFWiBPAZLfvqHBBZ6JQ8kqPDoSko1dGx8LbXb1MexPMyUPDCLoQMhC
4fZFcK8ms3bFMpo1ACzEUz8bH741fQW4zhAMGd5yZMHu	lifetime	sell	ENTER	1769377106	26991842677	1	Lgm4rAWZY7r3rHFXH1KUmKWvF5QjDiK8t1npYi6GMqKaQhhmgXaBrWPPE1eWRFRhBXYzpKNvq1DFeXnFEZJ17Su
4hSXPtxZgXFpo6Vxq9yqxNjcBoqWN3VoaPJWonUtupzD	24h	buy	ENTER	1769418540	56083152840	7	4ecAUnqRDphbbCcs4ag6zSQV6esMzPsR7gJZr9JPGiPzznZ8eCAtfgHU3ZstpPwwWqREquNJKKPiz2x8GPbvK2oY
4hSXPtxZgXFpo6Vxq9yqxNjcBoqWN3VoaPJWonUtupzD	24h	sell	ENTER	1769491544	59364554014	7	4Rs6itu9w5AhPhExMaEdTU7FfTgUMT5usH9ifXfzUohMFZb5753SNdoN9CpaNRiZDrExxHAgMbJrm6zpv9jiSLKJ
4hSXPtxZgXFpo6Vxq9yqxNjcBoqWN3VoaPJWonUtupzD	7d	buy	ENTER	1769493781	206345899760	30	kE5E8vqZeA7234tXKHrSVEywLeh1SEQujG1huoL1EALAF7Q3uYurMsSXxxpBvBhiF1vfCvP4Urq6ksbLzP1pwMK
4hSXPtxZgXFpo6Vxq9yqxNjcBoqWN3VoaPJWonUtupzD	7d	sell	ENTER	1769500713	200341529858	29	24ykhDCb3hDGotnphQLFUGm5W68jEfEAijSA8o2wfLJijjhpe82CQTzcJMPcYECFxzoRsEEExp1MUreDRVS99x56
4hSXPtxZgXFpo6Vxq9yqxNjcBoqWN3VoaPJWonUtupzD	lifetime	buy	ENTER	1769217939	10013079080	1	4JdvkkgS93gSHApBtdZ63KFeXbTUDtH2oTz6eDxXVfk3Ju5JHRY85tmB3ZBNgNLJBLTojcfGCQ41PDUpnXN6yEgk
4hSXPtxZgXFpo6Vxq9yqxNjcBoqWN3VoaPJWonUtupzD	lifetime	sell	ENTER	1769232582	19098186823	1	4V7QUqcxktQxVLWPfS3EyLZLVVHFftQ9YF8aCwP9tyjeHgRTdkTu1q9dmiUM2dNsMSaTy2U4nmXtUKBikLR83wBj
4nvNc7dDEqKKLM4Sr9Kgk3t1of6f8G66kT64VoC95LYh	24h	buy	ENTER	1769200139	50318358394	33	54tibAC7veUKex8Mg2BfNPUy3cCqqtSVMk3gqbq4P9wyRZqUqjNu6ze1JMcocWw77DU7KoW7ANbisLAazVhBC9v9
4nvNc7dDEqKKLM4Sr9Kgk3t1of6f8G66kT64VoC95LYh	24h	sell	ENTER	1769206079	58154631280	26	4d8oeLXuSRbGDn3BpuWaTz9zfB6mKa5guJsCLUp3F6yyAKpBy9QRyJixoefioEFqgzjFrkC2JubFmPwjKG7kHkdb
4nvNc7dDEqKKLM4Sr9Kgk3t1of6f8G66kT64VoC95LYh	7d	buy	ENTER	1769260146	200130853369	175	3FnV2o3dAq6hjDCwDy9cMd8LDJ4AXWTKyTxiURrxBDA857ySfUKFhiUJY5vmL5tRpgabmmXX9d9GRZASwx5o2k8e
4nvNc7dDEqKKLM4Sr9Kgk3t1of6f8G66kT64VoC95LYh	7d	sell	ENTER	1769214996	202926387419	86	2Hiex5WnUs3CoC5i3SU5weu1XPB3RAcH84bAWtmGtYjXYZQoBC6eBQk3YBgGZfZwTrFoSUA5HXgfw3RcUTYxjkCR
4nvNc7dDEqKKLM4Sr9Kgk3t1of6f8G66kT64VoC95LYh	lifetime	buy	ENTER	1769194302	10037049280	1	2upbeEfKNqMo5itNX2a6ZjWmpXoFQTCczpdU3rPT49UKdNUEwd2ZUFFQn5xsJSmLbgr6fvJpevLeWPK5kXrrdNMv
4nvNc7dDEqKKLM4Sr9Kgk3t1of6f8G66kT64VoC95LYh	lifetime	sell	ENTER	1769209729	10153210214	1	7siwn9FA5aJt7jA54UFaV67awRF1WpfRi5DMnGhauUSGSVQwPLkKmKGJQVA5wWVEENf92cDK5dX8AVrLHjwJQ11
4s2WzRLa35FB58bZY1i4CN3WoywJeuYrGYHnTKFsT23z	lifetime	buy	ENTER	1769268576	21971972779	1	2oswWVVT6dMbCyGmjosJQ5rUVz1qr9SDHs9HGcectHj2NCUZe9UcKUXDAm6W2fKfrFQwBsJgp7S2Fmg7MM8TWEWR
4s2WzRLa35FB58bZY1i4CN3WoywJeuYrGYHnTKFsT23z	lifetime	sell	ENTER	1769268547	23612820368	1	5xqJ6digPmU6zUzWKcSn9kurToo4tQ6JVSvpfSQVSPHds9cNZoCQVFkYCxREbsiajFJVBgL2r2RVjJq3zXuf82kg
4sAUSQFdvWRBxR8UoLBYbw8CcXuwXWxnN8pXa4mtm5nU	24h	buy	ENTER	1769160122	50180681121	34	4uHonDTxKerYvPcNf9fZjjD3rS7XUBWBmjD6CCgQMbowrvjvwHWFh2vtf4oXHNYhgAXNg8RcPJW3f6CPEeCdeJJY
4sAUSQFdvWRBxR8UoLBYbw8CcXuwXWxnN8pXa4mtm5nU	24h	sell	ENTER	1769160304	50092080806	14	67N9yBaciJkc4Z3sfBSpSW5vh3djmHCbZQp1if6kqwP7kYRmMJXztzTtyFQyLXzk1aFmU4uJgnq3eoW9q2bczUtL
4sAUSQFdvWRBxR8UoLBYbw8CcXuwXWxnN8pXa4mtm5nU	7d	buy	ENTER	1769238380	201763750633	254	4heDZyDdbL1wh1u6p1XcrY5CskTn3q8FWTbCcBMFYdz3HxZ1FvqbBbvebB2Q1dEVibGQEKbQEdLd1pAVvbCjy1yW
